user,cluster
@christianolson7141,1
@thomasgill223,1
@Ariaofeffect,1
@supercheetah0,1
@Wesparkey,1
@mc1993,1
@johnsmithwesson9996,1
@veganangel68,1
@spaghettibadger647,1
@VexWerewolf,1
@MartyMcK,1
@free_spirit111,1
@MelanieSmith-qu9ml,1
@jthecool9225,1
@HaleXF11,1
@NevecLP,1
@nathanpolak8635,1
@ls_812,1
@freakincampers,1
@Nomblies,1
@TheDancelow,1
@sm0keyyy_,1
@ceeril,1
,1
@RazzoGatto,1
@danieltoone5979,1
@Jarvolo27,1
@salvatorecorleone1008,1
@wonderfulmidwest,1
@Afgrahamistan,1
@Michael-RS56,1
@abelulloamartinez7347,1
@brian8865,1
@saeonix,1
@JSythe,1
@krisi.2011,1
@triple6758,1
@russelltaylor5467,1
@EinfachFredhaftGaming,1
@gameragodzilla,1
@DawzeyJ,1
@joevictor53,1
@KafshakTashtak,1
@anh1192,1
@brandonjames3,1
@ClericChris,1
@mr.b8671,1
@undrdog5204,1
@stodo1337,1
@buttermilk5364,1
@sixonebubble,2
@001variation,1
@BusinessSkeleton,1
@flyboymcgee8059,1
@Antropoids,1
@josephmedina6403,1
@LeonJones-xn5kc,1
@isrbillmeyer,1
@murrygondwana7260,1
@actonman7291,1
@JAntonSaad,1
@queenj.8i895,1
@TheRohBird1,1
@stevenhowe6677,1
@icefly701,1
@Tekner436,1
@ClericChris,1
@NigelMontezuma,1
@clarkyrock187-,1
@_elynas,1
@calvinburr1248,1
@ScrapersNbots,2
@KrogerKing,1
@HardTruths-sr2ps,1
@sebastianannab8159,1
@AlchemistsTable,1
@EazyStr33t,1
@Kevin-le8qc,1
@2pointSummer,1
@shamrock141,1
@cookiecombohouse,1
@Zeboath,1
@jdt7662,1
@lnarvaez2010,1
@fcukjo3b1d3n,1
@phr0ggi,1
@csguak,1
@MrOlly,1
@archiewebster5034,1
@CarecaRetrogamer,1
@BrettHoustonTube,1
@fyodorshestakov6462,1
@zacharyzimmerman505,1
@LaLo392,1
@tyzxcj34,1
@jamiescott6350,1
@RD210,0
@danielclark241,1
@Jsand714,1
@xtop23,1
@AWDTH1111,1
@WoopyGoldbergsHair,1
@allynsmith5026,1
@amanbaniya6997,1
@edwelndiobel1567,1
@youngjohn5076,1
@meh3247,1
@MaharlikaAWA,1
@jimf14,1
@carlosue5472,1
@Xmpzl19,1
@BuffNerdInCa,1
@VulcanLogic,1
@bender9222222222,1
@Christianearthpony39,1
@nochildsupport4889,1
@virenmathur1720,1
@momo_the_kiwi121,1
@stephenu3833,1
@SoulMonger,1
@Rodimus184,1
@reddeaddude2187,1
@gero_dev,1
@TheArdanwen,1
@clbl8706,1
@ErnstSwanepoel,1
@chookee1080,1
@dougiefresh195,1
@chewyfknrocks,1
@MarbleThumbs,1
@aaronshad13,1
@nathanpearl2321,1
@aldosam5317,1
@ScottyVcest,1
@filipedasilvadias712,1
@Copperyfoxx,1
@planethoth1238,1
@StudyTrainAchieve37,1
@haroldrogers6566,1
@PCB888,1
@leoredgamer,1
@sheikhakbar2067,1
@andreatorres4812,1
@normal_media,1
@jd2much2handle,1
@iamrys5940,1
@clins1994,1
@planetaryascencion,1
@rfbftp123,2
@anarutate9929,1
@autumn-bmb1,1
@naijaboygangsta,1
@bilelsk9000,1
@timschmidt2892,1
@dennisxavier9513,1
@Daphne-qg3bv,1
@AD-dw6cb,1
@ryans413,1
@jeffphillips916,1
@CelestiaIChimera,1
@richessery8475,1
@lordm278,1
@akhilmathews7393,1
@adriB40,1
@DomVito87,1
@gregabrams5792,1
@JTBlair-nw6gb,1
@edwardrichardson7076,1
@larryludy1382,1
@lexlightening5833,1
@michellebucking4187,1
@darthlaurel,1
@spaceantelope1,1
@Twinhit,1
@sarawiener9326,1
@jackbar28,1
@HydeRvt,1
@chrisdonovan8795,2
@maureenparisi5808,1
@ShifaAhmed-s7t,1
@harrietharrietbly1089,1
@bkirkbir,1
@plweis7203,1
@Matthew-hy1qp,1
@AmericanSystems0101,2
@julichio6241,1
@stevesilver9649,1
@Omid01,1
@justusthefreak,1
@TerryTappArt,1
@kgizzle92,1
@brittania1974,1
@maryrihana236,1
@MrMkim,2
@beandinner1262,1
@JackieFrankieful,1
@GoguJomapel-ju9xv,1
@Evan-oh6jy,1
@Dontyoutrust,1
@charleswest6854,1
@2006gtobob,1
@carlosue5472,1
@abduraheemm.2530,1
@polinaball542,1
@primepete,1
@paulcontreras3264,1
@Justin-Outdoors,1
@thechampmanaddme.6431,1
@johncarton3023,1
@MelonHusk7,1
@beckyconstantinides2546,1
@maxtemelkuran4235,1
@jdpragmatic8644,1
@E-E.ADVENTUREGEARS,1
@poom641,1
@lordlidl6713,1
@klipk7296,1
@Keeganismyfirstname,1
@sasa051,1
@RafeCruise,1
@valterreboredo,1
@OutBackSmallEngine,1
@billdurant3560,1
@karlayvonne4048,1
@mikecronis,1
@duckcensorship7446,1
@gabrielmontenegro-ny3ng,1
@billyje4726,1
@dave13dc,1
@nhmooytis7058,1
@unoriginalname4321,1
@daveycrocket1306,1
@lhays117,1
@ash3002,1
@irvingwashington8638,1
@neildees1761,1
@garyhov6259,1
@renaissance21,1
@1pct.trader,1
@greatestlivingamericaninve1245,1
@xstratosfearx,1
@Deathscythe91,1
@tedtaterchipkedzierski1539,1
@adamsadventures9919,1
@dsds3968,1
@honeybeebadger,1
@SpaceCoffee700,1
@JT24700,1
@defaultsettings63,1
@markzola8142,1
@Smoke1322-b3r,1
@Lifewith_charlotte_,1
@craigmcdonald8856,1
@Dewster_42,1
@goroakechi8577,1
@JF-nh7fd,1
@WesternAmerican2,1
@leonidas7692,1
@Nietje369,1
@rimservices,2
@im_creative1,1
@williamharnois254,1
@byronhotchkiss3254,1
@50kgbrain,1
@360ooutdoor3,1
@PagIiacci,1
@dnakatomiuk,1
@banjammy4116,1
@rablab305,1
@MattDoesLife539,1
@brovid-19,1
@kennyrowe8337,1
@petertimowreef9085,1
@XxPHILTHYJAYxX,1
@kallolkumar1037,1
@sunflower-oo1ff,1
@mchelewashington2024,1
@DanParent-e7n,1
@TheBakuganmaster99,1
@Choknox,1
@ianesterhuizen9179,1
@rufus5208,1
@BangingMash,1
@samjohnson4014,1
@jamesread11,1
@MelLani-nn9vn,1
@bobbytheblade2550,1
@millerk20,1
@maxjames00077,1
@kennyrowe8337,1
@Flokeeylo,1
@cynsabonorris1924,1
@richardkoontz831,2
@FireBladeRR-RSP,1
@Elshanali1,1
@julianrodriguezlopez5272,1
@thebest-ce3pb,1
@genoman4606,1
@aaaaaaxaaaaaa,1
@YixiangWang-l8q,1
@ed.polinski,1
@atienzo98,1
@warmbreeze7996,1
@artphreak1,1
@dannysullivan3951,2
@AC-Ninja,2
@ZanderTheBoi,1
@bertrx-7406,1
@nhfanful,1
@michigandogman4,1
@scottiehall8695,1
@iportega9914,1
@RazorSharp_313,1
@ScottSummers-m5l,1
@OmarFaruqTuhin,1
@newdrew2744,1
@lauren2882,1
@skylardodoe7982,1
@p77ws,1
@sumaika1003,1
@jsbaltimore3405,2
@Thomas-tq1wz,1
@astrafaan,1
@annewhitehurst3626,1
@TheDeconstructivist,1
@PaulBongiorno-v2l,1
@something2027,1
@mistayg2788,1
@robichj,1
@UpstateBeard,1
@jestofreestone1,1
@adisusanto3127,1
@LordOfSweden,1
@RandallJacobs-bp8uw,1
@specialandroid1603,1
@johnnybro4348,1
@guy-iw1gd,1
@sebastianmisljenovicMS,1
@ITSONLYMEWATCHING,1
@janetsamples1183,1
@FieldTripChaperone,1
@amygraham2478,1
@aminebekkali677,1
@joshuaolsoncook,1
@whybusymouth1948,1
@StopListenThink,1
@RickAnderson1,1
@nhallo7596,1
@petrmiskerik,1
@shrk128,1
@uwekruth8748,1
@alefmachado7312,1
@charmellemelani8127,1
@TheGamersState,1
@pluto1356,1
@d.jacobs8722,1
@monisham176,1
@adisusanto3127,1
@jimmyallgood781,1
@rlscnm123,1
@emoefonseca4178,1
@pnmenon1522,1
@mrdavid2664,1
@marioconstruction22,1
@cellinacell,1
@KPG113,1
@Yourweakminds,1
@hamzahanief1643,1
@bullet996,1
@useyourimaginasean,1
@anderswahlgren9308,1
@dire8straits,1
@lourenskotze,1
@mryan89,1
@amandaelliott7953,1
@ProTrump1966,1
@GORZ_YOUTUBE,1
@stuarthossack5351,1
@ceralee2151,1
@tj-nu7iu,1
@StitchetyDoodah,1
@mollyhurst5556,1
@youforget1000thingsaday,1
@TKBreaksTheRules,1
@kcirtapelyk6060,1
@shadowbeast2276,1
@JSDeerstalking,1
@PiggoNZ,1
@bobcarr5497,1
@sauditate4562,1
@gregstepien9374,1
@benzema111,1
@jackreacher7594,1
@janrzewuski6039,1
@Phillip_Fry,1
@evanharris9667,1
@ScottStewart92,1
@nhathoangnguyen3973,1
@angeliqueoren2462,1
@TheKatchutes,1
@bartoszulkowskitattoo,1
@gyasogyadi5320,1
@piranimercedes3075,1
@Kal-El83,1
,1
@epicuregarden1104,1
@angelasalgado5069,1
@luisantillon706,1
@ck-sx4zz,2
@RocketCityTech,1
@GanimGolf,1
@kaeserd,1
@MrNathanbrand1987,1
@sjhaji,2
@SamuelSchmidt-tz6qw,2
@chriso9505,1
@kenwinlee5583,1
@joelwalker5834,1
@joshyabraham54,1
@Knighttelmuun,1
@CryptoChatWithAlex,1
@WritingArcadia,1
@adam551982,1
@timarrington2245,1
@angietaylor9950,1
@VladmirPoopN,1
@rutiloromero446,1
@gusgebzz,1
@chuzzrocket,1
@draganavulovic9779,1
@HarrisonDean,1
@leslovesliberty1776,1
@hundmaja,1
@srsairbags,1
@Garrison2024,1
@eton13_,1
@stevenmorrison5178,1
@Big_Slab,1
@dojasnob,1
@iKylie,1
@alexblue1989,1
@AlchemicalForge91,1
@stephenbaldwin8708,1
@Randomhero413,1
@thefelper.7181,1
@pablomota2081,1
@Over-9000,1
@Mufffinz,1
@xeroone8194,1
@onxiaftw,1
@Kimkreative,1
@edgykris1,1
@genaromertel9808,1
@sheezum,1
@Thatonewolff,1
@arildthordal810,1
@jockeb2651,1
@lourencetruter1222,1
@anonymos7245,1
@A.D.I.I.D.A,1
@cdub015,1
@lebronjameslol3521,1
@TheTrueNick,1
@sabart5,1
@musical_sunshine,1
@mrgood8378,1
@lapolicedelapensee7047,1
@streamingomegamegatronuspr7755,1
@m_5373,1
@mickwoodfield5926,1
@kennyfernandez2866,1
@TheConcertCruizer,1
@ClintAir-q3p,1
@edmmitch,2
@ivannguyen7774,1
@hilarymeyerov2934,1
@embeg,1
@Snsndndnhshh,1
@tinasmith1391,1
@johndlugosz201,1
@Marvellite,1
@Quilkhak,1
@kawa11000,1
@reginamemoriesforever-vc8ql,1
@big864,1
@marhari2009,1
@JP-zd5kx,1
@DaddySantaClaus,1
@solidshake12,1
@ValentinoRossFan46,1
@Vlad_-_-_,1
@Dr.Dementor,1
@christophernotorfrancesco6683,1
@vickicarlson1819,1
@chawk678,1
@mchelewashington2024,1
@FollowerofJudah,1
@lacking-zzz,1
@zealousgoat,1
@PatrickWDunne,1
@angus9541,1
@AshleyHester,1
@randallgoeswhere,1
@mikefernandes3959,1
@mirikkla7757,1
@survivor030406,1
@pamelabrun6891,1
@dorotheehiebsch1204,1
@MrAndre.,1
@wretchedslippage3255,1
@Stupifyed1017,2
@adisusanto3127,1
@lennyfrombrooklyn,1
@adisusanto3127,1
@vapausus163,1
@duanea7715,2
@Pwmzz,1
@TheSkullDuo_,1
@Macromental,1
@donaldcodes,1
@BunnLilah,1
@milkinobama,1
@silvanyferreiradesouza2348,1
@adisusanto3127,1
@dalbuzwesiwisa8768,1
@SassyXR6007,1
@DavidJackson-vj2oi,1
@mrree9099,1
@PahaLukki,1
@Ruum,1
@s_u_n_j_a_y,1
@fredosantanas2154,1
@AG-om3jn,1
@CrankyBonesGaming,1
@steef360,1
@Stanley_Baby,1
@beachbummer3434,1
@scorpions1965,1
@Tribeman1223,1
@myname-dy9wh,1
@eddiebax1395,1
@Kaluu09,1
@GuyBullerwell,1
@Cas_Co,1
@MrTierhog774,1
@TheDillberto,1
@angryanimal99,1
@truckergal,1
@KLP36912,1
@glenmcl,1
@whatscreenname,1
@Paducah_Guy,1
@Hardandready696977,1
@robfeldschun6146,1
@cacao1312,1
@darrylbrownstone2553,1
@Preetvnd,1
@BarriosGroupie,1
@GabeB5517,1
@hughjanus8600,1
@jackbeach942,1
@BekoHuremy,1
@snakehandler1487,1
@john.wick.111,1
@adrien1587,1
@josephgeraci7039,1
@brode7716,1
@hardridermotorcycle,1
@OmarFaruqTuhin,1
@adisusanto3127,1
@joshitheyoshi2533,1
@HanzoChop,1
@gamestar70,1
@skeepes,1
@hopevedio,1
@ThatCoolKidYouKnow,1
@scrublordindustries7300,1
@ginevrajdeluca6589,2
@yesisolehah7122,2
@TEAMKIRK22,2
@DenverLoveless,1
@Michael-ky2ee,1
@eonreeves4324,1
@thatchedstudios4768,1
@danielbrown7115,1
@colebianchini1848,1
@tomlauris,1
@spectroxis6418,1
@jolenek283,1
@SELVYV,1
@AlexPerez-fo2nc,1
@vincentfreeman2593,2
@walterrussell7584,1
@dzss7002,1
@Jason-jr7wv,1
@johnking5928,1
@1783W,1
@nubserver,1
@funsandjokes,1
@jarijalk2967,1
@liamwilson12345,1
@disme2072,1
@GodofThunder89,1
@RobertBernard-s8m,1
@joshmedici,1
@pauldarlow8629,1
@adisusanto3127,1
@albertmolina1781,1
@chaoticrealm777,1
@chiefsmackaho42,1
@mARShALMAt,1
@fatimamoseley,1
@miguelvaldez3913,1
@hardcoredoom5892,1
@JBTFan124,1
@JamesDMcGuinness,1
@noyfb4769,1
@FusionDeveloper,1
@rjdiggs738,1
@eyetower,1
@robertdanilotecson9111,1
@terranaut3314,2
@coolio24718,1
@ld871111,1
@infamousbugg,1
@Baki_ghazkull,1
@NoahErikkson,1
@BluntyBlue-e1l,1
@MrBandzUp,1
@larslarsheim1741,1
@EvanMcFadden-th1xf,1
@paulcooper3410,1
@chrism8586,1
@kawa11000,1
@liquidedge610,1
@wendybenmaceygoodrich1700,2
@alephmale3171,1
@Hajira699,1
@thegrandargus,1
@nanaberta,1
@MrTamendez,1
@ololo940,1
@madmat8771,1
@Unknown-r2p2o,1
@faviogamez3051,1
@TheConcertCruizer,1
@Fran_Ces,1
@sapphire22011,1
@SocialistDistancing,1
@ken-k3r5l,1
@Sam-j1v6p,1
@OwneyMadden430,2
@alphalimaindia9638,1
@rmggrm2069,1
@observer3359,1
@clbl8706,1
@d1zturbed221,1
@SunandSnowGardening,1
@ssm4u4013,1
@iquanyin1,1
@adisusanto3127,1
@aaronmurgatroyd5810,2
@davidhawk9678,1
@humanoid1948,1
@nss3307,1
@terryrobinson5250,1
@Wykesidefruitmachine,1
@geoffreykeating8172,1
@n9ne,1
@_jaded,1
@samrat447,1
@MyNameIsUnavailable,2
@Bwhelan89,1
@lambrah2k,1
@mattcollins3591,1
@jaygar9368,1
@beauoleary4174,1
@skankhunt-sf1to,1
@Suhailahmad-i8y,1
@RustyTiberius,1
@marksoutofzen,1
@godalmighty5970,2
@RyanThaLion1,1
@Core2,1
@TheKickboxingCommunity,1
@leenaviie,1
@theone3129,1
@douglasmurphy323,1
@LTDominator-fo1he,1
@yousefgebremichael2879,1
@Sir-.-,1
@JoseRRobertoGarcia,2
@TopLob,1
@adisusanto3127,1
@Michael-lm1zm,0
@joeyrutherford1790,1
@jaymilan215,1
@blastradius7193,1
@hilarymeyerov2934,1
@Oozy9Millimeetah,1
@adreto2978,1
@smurfcatcher,1
@Ricky7777ful,1
@MohdIqbal-vq9qu,1
@archangelum,1
@user_19860,1
@joewright9879,1
@c.b.4270,1
@Moonsovermyhammy-x9m,1
@adisusanto3127,1
@DMbabeful,1
@kizzy8685,1
@jacktheripper-hp9tx,1
@jynvomnorden82,1
@deadenddon,1
@explod3r,1
@victoriatubbs4860,1
@LucasAveiro-wn8zd,1
@cheesebun3461,1
@nediedemit805,1
@leo.lima79,1
@Chris-st9mm,1
@lior995,1
@Vanguard152,1
@michaelabrewer9478,1
@adisusanto3127,1
@guidoguitar111,1
@dariush6446,1
@buzzbeats8245,1
@Youbeentagged,1
@MerchantsOfMisery,1
@yantimohhan5200,1
@glaidermason6870,1
@adisusanto3127,1
@patrickpreston8424,1
@jbqu3142,1
@maltoext6153,1
@adisusanto3127,1
@RanjithKumar-gl5vz,1
@Channo9384_2,1
@Aliexei,1
@cun7us,1
@robinntuu9477,1
@eduardomattoso-hheng8312,1
@LeechyKun,1
@optimus9418,1
@Fischjesicht,1
@DavidCox-ey9vd,1
@coreyr9729,1
@1BillyPeterson,1
@garrieleepeck8753,1
@BrianOdeen,1
@randomguy-xp7se,1
@TheLevitatingChin,1
@adisusanto3127,1
@hamzamusse6006,1
@luispolanco876,1
@gordonwalker8615,1
@Sf08321,1
@hmbpnz,1
@agendatwentythirty8244,1
@LawrenceIsLight,1
@MedhanieMeda,2
@deadmemes1824,1
@MohamedAllal-m3p,1
@robensonbadette6102,1
@AmericanCrusader222,1
@omarmhenni8540,1
@hawaiianrobot,1
@flowtgt8719,1
@charliecruz5640,1
@dS-th9np,1
@VanNatalRN,1
@nicholasbutler2365,1
@alstocktrades,1
@NinjaSushi2,1
@mrluke1967,1
@michaelherndon9573,1
@jamiem3033,1
@IsabellaTrevisanBalbinote,1
@samuelteshager,1
@benpamer6574,1
@i.222,1
@Channo9384_2,1
@masarakhudhur654,1
@Tkhdhd,1
@insanedev1102,1
@them3280,1
@robboy102,1
@paulabbott9108,1
@highnet8717,1
@CraigTodd-x9d,1
@Alpha-Alpha,1
@CrazyBtch-r2e,1
@jackcedillo6055,1
@shadowofpain8144,1
@highjim7778,1
@r3aldonaldtrump,1
@TheBranchez,1
@janetpetrovsky9349,1
@alanserjeant4947,1
@billrowe3350,1
@Hardandready696977,1
@radurxr6112,1
@h.plovecraftn-4307,1
@Statupalmambarbacot3345,1
@kiranchudasama2724,1
@Niiiiiigaaaaa_666,1
@CRSA787,1
@darrenwiggins9957,1
@jaywulf,1
@chrishayes4139,1
@AnkardTan,1
@damongeo840,1
@KINGKongKalikong,1
@Iamthatbish-ki,1
@tinyyyasmr9147,1
@colleenmansfield1572,1
@newell418,1
@saintric7282,1
@AkashJadhav-dj6yu,1
@blackknight9558,1
@Smyrna-777,1
@xm6274,1
@adisusanto3127,1
@satnaamverma6792,1
@faridmotreb,1
@porderpower1438,1
@EsIstObstImHaus,1
@douglasmurphy323,1
@adisusanto3127,1
@reecetravers559,1
@ethanpiranha67,1
@LMert-v8l,1
@71A71L,1
@Vincent-oc5rd,1
@angusdog22,1
@NormalBirisi.,1
@adisusanto3127,1
@saraswatirastogi7074,1
@TunLeng-bg2dr,1
@DrQuatermass,1
@zacharygamble6208,1
@MohamedAllal-m3p,1
@yesisolehah7122,2
@cynthiajones4332,2
@jdk9558,1
@loosegoose9647,1
@Rx330lexuslover,1
@ErnstOskar,1
@jessejames1483,1
@danielstefanrobertsen7931,1
@Channo9384_2,1
@juani352,1
@andrewbobb3170,1
@abdullah.al.noman.z,1
@That1CommentGuy,1
@sarabadara,1
@ACamaro,1
@toddwiggins1493,1
@AnahySanchez-Diaz,1
@chupacabra3331,1
@elvisperezley9244,1
@rmh702,2
@hightechredneck8587,1
@amgpower213,1
@İmronbekAhmedov-i8i,1
@wolrereaper,1
@charlesatanasio,1
@anonymousanonymous7783,1
@Andy-su5wg,1
@discombobulatedgaming7366,1
@abenteuerwelt243,2
@hakkbak,1
@Lemon-yk6wm,1
@pl579,1
@sahaiel,1
@feleciaeby7910,1
@tripacer8259,1
@tylerm8143,1
@mattomjohn4314,1
@johnp.johnson1541,1
@thesisypheanjournal1271,1
@Trad63,1
@BethelTeferra,1
@gmanning4881,1
@j.mullis418,1
@user-cg7dg7uv8f,1
@HammerHeart3229,1
@ghallums,1
@thezoran6868,1
@mikewilkins4126,1
@RazielCuriel9,1
@jamesbissonetteisthegreatest,1
@HilliIndustries,1
@brEZ527,1
@282XVL,2
@JamieCampbell-k2d,1
@hossamdf3,1
@ibeswimmin,1
@muskymetal3277,1
@isaacherrle5396,1
@frostywhite9803,1
@SurfinBird313,1
@LuizaGonzalez-f5s,1
@glasshalfool,1
@rivasflores86,1
@ClearPaper89,1
@28SephiraBloom33,1
@NikoAmeristar,1
@jesuisleslie8509,1
@heleneguin1340,1
@BillKasego,1
@melvinthapelfin,2
@Derby-h6e,2
@matthewhoskisson8767,1
@greatestever6735,1
@look-out-4-1-another,1
@temenugac.313,2
@cynthiaking-oh8646,1
@JustinSwe,1
@No83858,1
@lindaregan4770,1
@chris.5628,1
@SeventhSwell,1
@kylieeilyk9818,1
@lisa408t,1
@haskeymorrison,1
@rahshedasmith5812,1
@gas800paar,1
@jeffreynicol8287,1
@captainkaba1414,1
@lr5777,1
@antho0able,1
@Agamwarrioryt,1
@The_best_man_31,1
@WilliamsPinch,1
@billkates2266,1
@Chris-k3t6z,2
@Mboe-wz7nv,1
@GeorgeLazenbyReturns,1
@apoordoglife9451,1
@chockicoleman6403,1
@Mikeyplays-pe9yk,1
@sloanNYC,1
@onomeakelemor3920,1
@pandzia9277,1
@nassarieshorts,1
@GabrielHabecker,1
@SolarManReborn,1
@Sideshow77,1
@aitordotco,1
@robertmurillo7153,1
@obione5532,1
@fkb123123,1
@amorite4404,1
@Music-20-23,1
@marciano5709,1
@jenniferbarrington5509,1
@jamesoneill2933,1
@yangmercuryy,2
@itzmigel3605,1
@BethOrner-e9b,1
@jims6323,2
@lisa-marie.ullrich,1
@danigomb,2
@AL-xv5kr,1
@feelingomie944,1
@jimliftin1552,1
@Ichbinnurgutwennkeinerguckt,1
@aHMeDaLi-ig2hb,1
@ponaskompetencija,1
@striker865,1
@emilyds1276,1
@ugh_as_if-g8r,1
@johnconnor9038,1
@Thunder_Marshall,1
@YakrifZee,1
@willgordon5737,1
@oofy_clips_yt,1
@hmangell,1
@broadkast477,1
@danielchiang1752,1
@konceptgaming9469,1
@irritism1227,1
@mediamisfits3805,1
@hp-mma,1
@mgarcia2445,1
@ninakaran37,1
@christinaguisti7464,1
@creamchorse,1
@SammerAsby,1
@SujathAhamed-p3d,2
@BSKAUOriginal,1
@amandahynes,1
@Muslim.man5,1
@Animatorstt,1
@brendanmack4614,2
@cram1nblaze,1
@mhpage,1
@theUAPwhisperer,1
@theoalexander733,1
@margaretapopescu1934,1
@viv1tony2,1
@jamesoneill2933,1
@shoutforit,1
@LandroPaideuz,1
@erNomic,1
@striker865,2
@BobelSilencioso-w1x,1
@aruntripathi8182,1
@ThuyTien-l6h,1
@弘历爱新觉罗,1
@SantanaSam12,1
@joannekendall5859,1
@bluefin4547,2
@terrence8634,1
@lidahusek9069,1
@ElijahTimothy-g5k,1
@lidahusek9069,1
@rebeccaseals4668,1
@krzysztofsam5000,1
@SereneBlissfulBeats,1
@virabhaimachhi5159,1
@LorenzoRosso-g6e,1
@StereoAnthony,1
@ContinueWithThatStatement,1
@marycrawford3460,1
@jvikhaini4144,1
@Bibiana862,1
@Ravisuryavanshi-d3p,2
@tahasintamboli5297,1
@chezrenes,1
@rahulakram7878,1
@kevinsamphere7874,1
@AlfredFronias,2
@samv02,2
@jamestrujillo5195,1
@OutOfContext717,1
@Iceeboltt,1
@SREEJUSv,1
@th7480,1
@wildernesstvshow,1
@Bertrand-u9o,2
@Jayy_mc,1
@gracenankat5066,1
@manvithavarsha1028,1
@Siddarth-gn6pl,1
@jackieboib,1
@JoyceSelf-t6i,1
@SmouaLouks-hh7kt,1
@jp32123,1
@Buboization,1
@march8482,1
@megamindcaca,1
@rick_1_grimes,1
@teofiladipasupil9607,1
@JoyceSelf-t6i,1
@haidereditz7,1
@georgratio559,1
@aHMeDaLi-ig2hb,1
@tarushgaur8736,1
@jadanwilliams1162,1
@theelephantintheroom69,1
@muziqluvachi,1
@luckystarlangshiang5332,1
@RonnyFeathers,1
@cedricalmeida7007,1
@THANOS_Gaming7,1
@ChakradharaTiadi,1
@andytengsram7810,1
@PORSHEKajmanEs,1
@margaretapopescu1934,1
@Will_Thin,1
@weekend2short393,1
@cliftonrainey49erlifer,1
@Ahan.Sharma_YT,1
@contessafitzgerald129,1
@AcceptedMotivation,1
@sonicpowerr4068,2
@andytengsram7810,1
@vadbanda6969,1
@skillfuldan,1
@ÜnalTanTirpan,1
@dariacorreia987,1
@nadezdatomic3455,1
@TheTruthIsTheTruth99,1
@febyganster9137,2
@UKoKoNaingUKoKoNaing-m8u,1
@imranthahir3310,1
@francescocarpini,1
@ethanholgate2512,1
@luismancillas2394,1
@islamjesus777,2
@Ocifermahony,1
@GulMamad789,1
@wasitthat,1
@LeonBerrange,1
@manwithbrain1044,1
@GyauHayus,1
@nortnort4776,1
@noel.sk03,1
@al9284,1
@amoghdwivedithepro1267,2
@MyPakiRandomness,2
@optimistx4187,1
@KronosPrince89,1
@Drew-o2g,1
@ballkicker2391,1
@vasilicacaia4721,1
@SapientSecrets,1
@0_thezero,1
@woutenad,1
@amoghdwivedithepro1267,2
@PaulMatthews-d4e,1
@fernandop4393,1
@TracyGoodwinRealtor,1
@Raj-Sahu157,2
@AnotherCarChannel1,2
@hmangell,2
@ShamsHistory,1
@arthurtent,2
@laboutiktok2204,1
@joost7484,1
@Body828,2
@Shubhamraj00007,1
@emdelmonaco,1
@Burnaway2048,1
@SharSumana,1
@BlessingsMano-x2p,2
@mohammadbabaei6667,1
@joseffzeff9353,2
@canas99-w3i,1
@manisht5776,1
@AngrySouL73,1
@Renee-bk4fl,1
@AvinashKamal09,1
@user-xv9rn7dq9n,1
@TheAudioStore1,1
@DELFIKAHalobanLIVE,1
@gudrunquelle7533,1
@RanisAthrys,2
@alexmay2825,1
@whinersdrnoooooo,1
@zenebeme1721,1
@Arjuns111,1
@NatalieBorzin,1
@Beata-l1o,1
@Artie1917,1
@BRIARPATCH-v5v,1
@nursecibulka1,1
@BoratMargaretSagdiyev,1
@JoyceSelf-t6i,1
@yeaitsmeagain-mq6fn,1
@saqibrashid5364,1
@NikolaSavic-g4z,2
@woofbark4475,1
@CoinInsightsTV,1
@jdconstruction4563,1
@Jake-r8y4b,1
@yaredasfaw2431,1
@OsirisFour,1
@bossladypvd,1
@Punkrockpenguin2,1
@thebreadmaker47-h4q,1
@thestart7881,1
@kylebsdo,1
@Mai_Tai_Meyers,1
@imanonymous996,1
@wasmachtherrmo,1
@Олександр-к6о2л,1
@JoseVazquez-q9p,1
@AuCinema.,1
@MeMe-fb1hi,1
@marilynbelloso7370,1
@Jigsawfan6576,1
@JoyceSelf-t6i,1
@Absoluteweirdness,1
@jawaidhamza3049,1
@luismancillas2394,1
@BethOrner-e9b,1
@donaldcassel33,1
@purplepoppyy,1
@mrclean0824,1
@goofywill90,1
@GanishkaSewmini,1
@Artie1917,1
@LadyNyx777,1
@jonxcrosse3482,1
@MrsDyer1206,1
@marianasalles242,1
@Comforts,1
@Playerone1287,1
@lucynaszymanowska4662,1
@hernanb.2073,1
@jonsnow1951,1
@Cloudy-Wani664,1
@aymanzaki7850,2
@tsuitsui3793,1
@LG-xj4iz,1
@meenakshigyanchandani8297,2
@SujitMittra-j8q,1
@marianbuhnea7495,2
@jartimin4962,1
@Artie1917,1
@tiya_pov,1
@branko917,1
@RonnelRevantadWee,1
@AccipiterAtricapillus,1
@dazbot1984,1
@fraru6222,1
@saqqara6361,1
@christinkachelmann1707,1
@DeepakZha-t8z,1
@jiachengguo6408,1
@clydetombe9686,1
@dalemollenhauer8713,1
@tareckibrahim7339,1
@НазелиМикаелян-т1в,1
@lcs8390,1
@Dong-u3d,1
@HowitsWork-q7d,1
@JoyceSelf-t6i,1
@BatmanTelepathy-i5p,2
@shawntyler863,1
@brianpham8877,1
@dolbz,2
@Pvz_Dude1,1
@wowster-so8sx,2
@ThorstengoestoHollywood,1
@rudeevoeler3407,1
@Adamomega-l8e,1
@nirvaansinghtheartist,1
@Artie1917,1
@millie9814,1
@SeaStar2722,1
@DaveWilliams-r5v,1
@MaliaCampbell-x3v,1
@Bacciotoddoroevskiuu,1
@wasitthat,1
@Businabout,1
@tonytorres5717,1
@Animatorstt,2
@jenskarlsson4744,1
@vanessamay3689,1
@marilynbelloso7370,1
@MiguelarturoTellechea,1
@shoz2970,1
@tmpqtyutmpqty4733,1
@FatonIsaku-wl7dv,1
@nahidalvandi4150,1
@anixa11,1
@vsanden,1
@tonytorres5717,1
@GabbyFunGymnastics,1
@williamstevenson7124,1
@tanjamilenkovic6739,1
@gsabic,1
@sandrasaopedrostummer3810,1
@Shilian01,1
@ashventura3871,1
@sandrasaopedrostummer3810,2
@suranga8585,1
@jamesoneill2933,1
@shinjiuchiua7820,1
@DonAlien,1
@meenakshigyanchandani8297,1
@shawntyler863,2
@tanusree8860,1
@geremewgualu,1
@JK_87606,1
@paigedial3445,1
@CollenNgwenya.,1
@kenandcarolynphillips3868,1
@kenandcarolynphillips3868,1
@digitatissue8502,1
@sedhu-x9g,1
@Augustus-t5r,1
@TipsandTricks-w2c,2
@seethelight1417.,1
@ipekurian4372,1
@Freyja123,1
@yiannimil1,1
@BB-vq2zv,1
@lizzapaolia959,1
@kuantize,1
@bzb500,1
@Marcoose81,1
@susanwedell7627,1
@JustIceForSake,1
@natashatoloue8902,1
@brucealmighty9877,1
@alcedo_kf,2
@janettecordova2409,1
@heatherjohnson4460,1
@jamesoneill2933,1
@markrogers5727,1
@Itsjake908,1
@miryambarnabas2424,2
@coraharper2944,1
@janettecordova2409,1
@ayaz1110,2
@realitygaminguk,1
@ScientificallyMale39,1
@meroshango9603,1
@smokinghai,1
@dwweiss5190,1
@partsthief,1
@WieWatWaarWanneerHoeWaarom,1
@SoundofSilence-vw7zx,1
@OMGWUNSIU,1
@MiroslavBogar793,2
@barbaragorse3243,1
@berry1485,1
@vidfuel12,1
@Heisdaone,2
@narvelancoleman8597,0
@lr-jo1nl,2
@RAJKUMAR-ui8wo,1
@WANNAWATCHIT100,1
@elfenmaus1440,0
@TamaraLPalmer,2
@titajanestv9888,0
@nahidbahramian2220,0
@maryannty2044,0
@ofeliafellows7392,2
@ClarieJoy,0
@cecillesacopla3079,0
@DVu-ki7nn,0
@Odo55,1
@mhkim4127,0
@mathewskaoma7445,0
@FoothillsMaverickEDA,2
@markyesh5763,2
@garywest8705,1
@sir945,2
@Sunflo07H,2
@elizabethlee433,2
@MmasomNdefo,2
@margaretdevine9755,0
@arankapasalic8842,2
@romancaytoncabading4259,0
@HenrietteDrennan-xg6vj,2
@mariviclobaton,0
@marinachangsan6703,0
@SamsonIsia,0
@lorysutram5685,0
@judithdavis-lloyd4768,0
@doraexplorer135,0
@VBarr-de1zx,0
@jultriyanti4424,0
@suzie7413,0
@peekaboots01,2
@GodisPerfect668,0
@pumzavitshima573,1
@souamoua7167,0
@mercyleano5756,0
@iloveyeshuamessiahforever2934,0
@ioanadestro7244,0
@afr7788,0
@mariagiron4622,0
@cuongnguyen-zu7di,0
@joyceagusta5135,0
@TraizaGhattas,0
@agnesodera5246,0
@gloriapalma8377,0
@princeedemisang9288,2
@dagmargross6064,1
@MargaretKonia-j5d,0
@renipertiwiningrum4486,0
@ravenrose1972,0
@maruati76tlau63,0
@ronilasuitos,0
@HenrietteDrennan-xg6vj,2
@nicosantos2251,0
@dorothymorgan1211,0
@whereisyourfaith1454,1
@merylallego5750,2
@MissAnnabelB,2
@middleguy840,2
@venom_x5432,0
@Carcass04,1
@quangvinhtran2036,0
@betawithbrett7068,0
@vicchris3943,2
@SpeakWell-NJ,0
@EchezonachukwuWilson,0
@lizamarieliteral9544,0
@LinaSloan,0
@leilamuller1886,2
@jolandtangkilisan2677,0
@joelfernandez2333,0
@annetteoyeneyin7321,2
@onyinyechiegosim5606,1
@drissdehry2425,0
@heyjude1101,2
@sharrebenezer,1
@pardedepariama82,0
@adorable_jane8911,2
@abduljalilalmarzooq3673,2
@hongngoclethi3965,0
@HenrietteDrennan-xg6vj,2
@marjoriestepro8003,0
@goretti2127,2
@ezekieljohn3596,0
@DefenderLyngdoh23,0
@francisn.johnson3206,2
@joemugo4043,1
@gracekamundi9952,0
@유미영-x3p,1
@MM-ei2rr,0
@Eliamacristo,0
@mimichawmattiasson2929,0
@EagleSharpEye,2
@KhalidHassan-l6t,2
@tanataotengahere5978,2
@onyinyechiegosim5606,0
@charitybyarugaba4136,0
@FadahDonEboh,0
@gildahope2344,2
@SinaLeuluaialii-vp5fq,0
@chantrearmoeung7780,0
@Jarrygames86,2
@Chateautea,0
@basiliakunder5038,0
@Tettyroni13,0
@kimberlywright4988,0
@jeanetcall3116,0
@sheebaedwin5091,0
@ViralCollectionShupao,2
@yutsaw9381,0
@evelynpasqua6968,0
@annesperling978,0
@Potus1789-chanel,0
@raymondbaidoo4707,0
@catherine4043,0
@shelliemelton6983,2
@AdelBartolome,2
@MPH-pt2nf,2
@mariagiron4622,2
@SamFrost-zm6vm,2
@maviccalibara3625,1
@유미영-x3p,1
@susanquiambao8884,0
@dppalomino2936,2
@swarnlata90,2
@HenrietteDrennan-xg6vj,2
@takkcertu,2
@remremteicolney8718,0
@ranaepagett2893,2
@Maria-14344,0
@savedbygrace4391,2
@eaglegeek23,0
@cassoudennard,2
@ikukunigeriatalkshow3400,0
@karenkemmerling7088,2
@susanapfister-cuesta4010,0
@MSHOLLYKAY68,0
@Ash-r6p,0
@rangenard,2
@JameskuttyMarattilVehicleInsur,0
@susanapfister-cuesta4010,2
@bab1374,0
@conniedarken5271,0
@blaze4202,2
@HenrietteDrennan-xg6vj,2
@eunicefuraque5970,2
@Mahalo4ever,0
@miriamanderson6146,2
@minargultom6948,0
@adiltbst8143,0
@murtl5595,1
@kimt.9684,2
@유미영-x3p,1
@PhilBil-100,0
@jancullars3982,2
@patriciaflores1614,0
@弘历爱新觉罗,0
@angieengle7064,2
@Charity-vm4bt,2
@andrealohrer2615,2
@baiwan5687,0
@nellienaidoo3817,2
@meandmine8685,2
@touchuy7318,0
@rositaparks9733,2
@jamesmcqueen6038,2
@DeeBaker-c4g,0
@uchennaobidigbo1364,2
@UdehOchuko,0
@ElenaPeters1,0
@hannahujah7104,2
@amandaquiroz5237,2
@emorutnicholas1893,0
@maggiecebulski9514,0
@ranaepagett2893,1
@dn91ooo,2
@duyen.n,2
@followtheflow1083,2
@angelajameson7902,0
@tyronebrown5766,2
@kochumonthomas700,0
@BB-ev4nk,0
@svetamatayeva343,0
@pulakulang7626,0
@simonrihan902,0
@tiaramassie9281,0
@REBECCAPGARZAMEV,1
@mhkim4127,2
@penelopepurr,2
@lorrainelorrained8988,1
@isabelitavalena6829,0
@euniceguanzon,0
@rovenclark5658,0
@KimberlyIsherwood,2
@hwrdpqz8617,1
@ezuzupaul,1
@patriciabray5726,1
@Glamorllc,2
@Desertrose7463,2
@sylviamusa9539,0
@lynnwalker9935,2
@shellbacksclub,1
@VivianTambi,0
@DanielGunterres,0
@tamfuflorencemurih,0
,2
@aristotleford9242,2
@everlastingbulatao4999,0
@YuriBoris-s8u,2
@thosar61,1
@JoseZapata-w2i,1
@HenrietteDrennan-xg6vj,0
@gloriasanchez2756,0
@diloramdiliko7183,2
@angelajameson7902,0
@HenrietteDrennan-xg6vj,0
@chunyonmoraida5529,2
@user-ed9rj5mw7j,0
@shannonurhausen,2
@lindawhittaker8591,0
@Фиалка-н4я,0
@mariagiron4622,2
@hangvu5238,0
@Music_World0883,0
@LucasWilliam-t4g,1
@marilynmcmahon5932,0
@purnimamagar216,2
@merylallego5750,2
@annaraymond8318,0
@jackchukwuemeka5286,0
@VM-pu8ng,2
@lizgichora6472,0
@LettyAbegonzago-ye6yh,0
@kjacks3668,2
@raymondbaidoo4707,0
@graftme3168,2
@saraylewis-lc4xt,0
@SueDawson-pl1cx,2
@Victoremekume,2
@Josephine-oj7tg,0
@Kristimomofthree,2
@bryangipson4002,2
@RoseRegidor-i3e,0
@juanbautistaperezurbaez9538,1
@silviafigueroa1312,0
@Emotional-maker,0
@RowenaRivera-p2h,0
@lally816,0
@kmcaguioa8552,2
@Christhypeman,2
@HenrietteDrennan-xg6vj,0
@umdannyqandah7801,2
@movieman2693-r9z,2
@joezec72,1
@NelsonMays-c1h,1
@vicchris3943,2
@nwachukwulilian,0
@rebekazolian3423,2
@funkegiwa,0
@bonitacorbett3278,2
@silveriacacaldavid3182,2
@ophirtarshish6379,2
@RJ-0301,2
@jeane4967,0
@LanyKenper,1
@alimamyKargbo-u8l,0
@bixestacio4333,0
@lizcorpus6116,0
@bincao9572,0
@Dr.GaichangAndesRwangmei,0
@DarleneGeromiano-yl5ox,0
@d-p_,1
@librasoul1705,1
@Delphina-o1j,0
@EsterSantiago-n2h,0
@creep6851,2
@tanghiiknyiing6098,0
@유미영-x3p,1
@jrg4435,0
@yengs1618,0
@imeldapicard2422,0
@joaovitoralves2025,0
@remedioscqabrera4935,1
@jancullars3982,0
@TEKENAINEIFE-wv9jz,0
@RolandoReyes-f1y,0
@HD7992,0
@lawandathomson2277,2
@sirvilhelmofyonderland,1
@maricarnalus815,2
@jessejames6765,0
@removechan10298,2
@prophetemmanuelwakshum1380,0
@ihpst9683,0
@BarclayJayakaran,2
@Desertrose7463,2
@leslienguyen7842,2
@michellehughes3893,1
@abdijerane8152,0
@KSRP-ERLC,2
@Ngelicministry7,1
@유미영-x3p,1
@Elias-g7k6o,1
@removechan10298,1
@world-wide9136,2
@HenrietteDrennan-xg6vj,0
@alisaannwalsh6231,2
@RollingOnes,2
@wallshootout5616,0
@mythoughts3907,2
@MsDonna-go3ro,1
@staplustechnologies4512,2
@homewithemma42,1
@edwardshiburi7926,0
@brigittehoefler3189,1
@Rossimac_,0
@brendahamar1992,2
@saifurafridi6116,0
@FL-eu4mi,0
@angieengle7064,1
@fizzle326,2
@SoccoroPagan,2
@Norescues,1
@sylviahidalgo2874,0
@jessicak4913,0
@Tenmusic247,0
@charlestan9147,0
@adservant,2
@WAYNE-g5t,2
@JuanRRodriguez-j8w,2
@graysonwalker,2
@removechan10298,1
@homewithemma42,2
@SujoyGhosh-td5yo,2
@w3ird42,1
@bnardbnard6299,2
@GMBoehler,1
@ismaelharoun6929,0
@Carlos-r5n2b,1
@LizzieTatum-pv3zm,1
@Ngelicministry7,2
@jaymilahhapenwapunk4905,0
@JoseZapata-w2i,2
@EvieWilliard,2
@ShinyAnvil,1
@loidabautistafrejillana7918,0
@Great-wz4fg,2
@nwaezethecla9523,2
@JennyB-k2e,1
@nathaliehutchinson4669,0
@alsmiley18,2
@okonikpe,0
@koryu9189,1
@HYLEN-h4q,0
@gracepolzin5758,2
@katarzynakricka9153,1
@minithakur8329,2
@jackiecelestin6987,1
@nwiyorlezorgbenenu5928,0
@mhkim4127,2
@surycecnav,0
@inessntolo2947,2
@ghaestorque08,1
@josephineordiz,1
@Mosestioburdord,0
@AloisHambasombi-b6s,0
@mariloucardenas,0
@PLM928,1
@edymanullang2788,2
@PearlX9,0
@Evelyn-e5j,2
@vickydalauta8355,2
@sheilarojas8145,0
@lorisia5650,0
@lawrentiaanyaelezu7358,0
@hibaali3797,0
@tatapedro-zo1dd,0
@mjay3734,1
@maricarnalus815,0
@ninikfiranti7724,1
@김솔레다드,0
@dianagonzalez-yl1nx,0
@maricarnalus815,2
@MrMustangrick,2
@itsuniquefacts498,0
@yvette5929,0
@KhanKhan041d,2
@nupuii2259,0
@MariaGonzalez-rg4eg,0
@masrurchowdhury396,1
@neliswamabaso7591,2
@akositapaterson7823,1
@kimwarrington3151,1
@thutran168,0
@ezra9388,2
@helengarba5718,0
@healthyeating-xk3cy,0
@Vijaya070,0
@drsarah4437,2
@stellaokafor6833,0
@alexpopglam,2
@JosephNggyak,0
@bilgayt.,0
@losivalefretton2226,0
@nhungtruong5696,1
@ЛучСолнца-ш1щ,1
@유미영-k7v,1
@rozetaivanova6600,0
@BrianD-stereo,0
@UdePeace-j7b,2
@CrystalLewis-ei7gl,1
@marialee9068,0
@robp765,1
@teresadowns3495,2
@triyono9625,0
@helendonaire8210,2
@רונןרנה,1
@selenegama2992,0
@littletogethers,1
@BustaBryant,1
@everoberts7711,0
@Reactionvk_s,2
@HUMANITYGeorginaGina,2
@Flower3737,2
@luv-luvHongKong,2
@barbara9183,2
@Ralph_Smith0724,0
@HenrietteDrennan-xg6vj,0
@rojenthounaojam8950,2
@amazonwoman3867,1
@marywoodard4241,1
@4M3455,2
@remediosyoshida3087,0
@relationship3726,0
@AnalystAyi,1
@beysantillan-wisesaverbrea3826,0
@eangteangeang,0
@ЛучСолнца-ш1щ,1
@Naeemmemohd,2
@yollieencinas7442,0
@しゃんリンシャンフォークナー,2
@jasminequash,0
@patricialetu2602,2
@BrianImpastato,1
@michellehughes3893,2
@GoldiLocNLoad,2
@JackieA.Barries,1
@mcabcmab9540,2
@zyonman2312,2
@keramanbinmohamadiemansah4011,1
@michellehughes3893,2
@josephatnnaekezie8003,0
@videre8884,2
@maricarnalus815,2
@ShahidAli-ng3im,0
@euniceguanzon,0
@QuentinTristan,1
@SHAPOOR.NATIONALIST,2
@anaarroyo1220,1
@evailonaszekeres3847,1
@ЛучСолнца-ш1щ,1
@thelittlemoonling,1
@허영애-k4n,1
@ZUZUJOSHUA,2
@edmunddek6214,2
@swapnapramod5488,2
@nildabonga6144,1
@orjichibuike1442,2
@JonathanRajagukguk,2
@chetanscibek1756,0
@ChristyOkoye-np5ky,1
@susisuss2417,0
@noelnickson2943,0
@ghaestorque08,0
@ReelQueenBee,2
@stevengrkovic9771,1
@yennyunt5295,2
@DavidPicazo-i1c,1
@virginialucas4504,1
@ramenandudonnoodles,1
@eseogheneaugust2ndonajite69,2
@Dennisgabaca,2
@DanielMarshall-ys6id,2
@정현숙예수님믿고영혼,1
@darlene333,1
@emmamauricio3330,0
@Occupied_South,1
@mojareanx3148,1
@myrnagonzales3534,2
@AlexGborie,1
@Selat_Ombay,0
@PeterShieldsukcatstripey,1
@hendrasantana2537,2
@Krishnakumar-d9t5i,2
@michellehughes3893,1
@정현숙예수님믿고영혼,1
@pelbuq,2
@TatiafogaegaAutagavaia,0
@HosayanSabri,0
@EllevilleEstate,1
@weizheng9952,2
@beineshidrah,0
@Nana-lb6wx,1
@GoodnessOrji-c4y,0
@michellehughes3893,1
@chhyraschmidt4397,0
@jorammuntet,2
@JamesKaliya,1
@verapetrova5419,1
@thilakadesilva4624,2
@patmarriott6526,1
@zhariarose,1
@MakvalaBasikashvili,1
@blainescott4741,1
,2
@mekaryasejati2099,0
@michellehughes3893,1
@OtisPKonah,1
@petersnood5701,1
@RebeccaTegio,0
@johnborealis1798,0
@JoJohn-he6tg,1
@donald1841,1
@joebro112,2
@maricarnalus815,2
@ВалераКогай-ф2д,1
@jongkargrinang8012,2
@michellehughes3893,1
@AkpanPeter-g2j,2
@elenimouratidou3973,0
@marcelmoldovan2244,0
@lindawhittaker8591,0
@madcapmikeymike4497,1
@culturedetente42,1
@fkporsche1,1
@Sishirreddy123,1
@UrbainHodge,2
@anildavid3870,0
@si5812,1
@michellehughes3893,1
@stephaniegan4349,2
@markmontecillo495,1
@erinbsullivan444,2
@agraefenstein,1
@Kalie-glasses,1
@يحيىالسلامي-ك6ع,1
@tauskhan6850,1
@danielgipson7613,1
@m.t.426,1
@chantalmossoux8244,2
@primrosetapiwadangirwa9988,0
@Nosl333P-03,2
@michellehughes3893,1
@bodeunreadable,0
@chrischris-vg3fp,1
@vickierodgers-mcdaniel4453,0
@MarisselajesusaMeghanTel-fl6dq,1
@josefinajakiel8599,1
@ឆ្នោតយួនលេខពិតៗ,1
@IngeGoedicke,1
@marycarranza2110,2
@thomasmiller1808,1
@fkporsche1,0
@DOTV-fb5vg,1
@RosannaCollymore-d8h,2
@ebooksajdakamave890,2
@jlamb2264,0
@mf-p2j,1
@alvajanuar1161,1
@jampa8825,2
@ThomasZebrowski-s4m,0
@EniedMarman,2
@troywedesweiler9168,2
@woleuniv,0
@michellehughes3893,1
@michellehughes3893,1
@nildabonga6144,2
@keramanbinmohamadiemansah4011,1
@JahangirMahmud-c6i,0
@中村秀夫-z9t,1
@ameliareaganwright2758,0
@michellehughes3893,1
@charlibear64,1
@grzegorzjurowski,1
@ErmiraZeqirja-te6mn,2
@gauravjaswal899,2
@RoeurngRaTabS,1
@DANILOCUE,0
@PamDachollom-kl7bc,2
@Delphina-o1j,2
@bennyodiete1395,0
@abegailamio73,2
@stellaqiu178,1
@csakanyiringo4496,1
@farokhjafari1050,1
@bennyodiete1395,2
@aungkhaimin2842,2
@biancae1059,2
@TIROS293K,1
@SupermantoPurba,0
@obukomenavictor3636,2
@John-c2c7s,1
@Esterfortofay357,2
@naa7014,2
@AzamMalhi,1
@พลเมืองวงละคร,1
@crimsonking5356,1
@suho8565,0
@Len_Con..TheSkrunkle,2
@theblade66,0
@김정자-o8l,1
@welson6364,1
@mariakleinova7865,1
@DoloresMarquez-s8i,1
@DouzyAg,2
@AlfredoGarcia-qs9kx,0
@anandnair5223,2
@MarvinGuiher-b5q,2
@michellehughes3893,2
@josefinajakiel8599,1
@samanthavandusen,1
@donald1841,1
@SamuelOtsera,1
@anadiego8332,0
@smoe568-pw7sz,1
@michellehughes3893,1
@DistortedIlusion,1
@zero-p6o2c,1
@benjaminnwakama345,0
@clipz.7578,2
@michellehughes3893,1
@UrbainHodge,1
@TheMobileLegends-619,1
@yollieencinas7442,1
@m.t.426,1
@kandyapple2210,1
@teresitaowings1800,0
@ВалераКогай-ф2д,1
@whitelotus6,2
@mariaf2087,2
@EmdadMirda,1
@maricarnalus815,0
@VizkillRecords,2
@lydiangonamai8036,0
@NapdohlhingboiHaokip,1
@creativeminds7079,1
@cherylshamae5580,1
@BrittneyJohnson-w2r,1
@nabajyotibora124,1
@JEFFANASENCHOR,1
@shopcrate5687,1
@22598cassie,2
@muoihuynh8544,2
@michellehughes3893,1
@EdnaPatriarca-s7t,2
@zenaydaventurina,0
@HenrietteDrennan-xg6vj,0
@peterarold3623,2
@정현숙예수님믿고영혼,1
@KimMoser-i4k,1
@SaxonOak,1
@jasminechukwu1370,1
@neuxell,1
@HenrietteDrennan-xg6vj,0
@EvanBlaze-fq5eg,1
@richardalbertson5439,1
@ChristyOkoye-np5ky,2
@정현숙예수님믿고영혼,1
@Rose-MarieFoxon,0
@ruzicamicic3163,0
@moz222,1
@localspecialty701,1
@shpakik4099,1
@josevelasco9033,0
@michellehughes3893,2
@Hamere-s3y,2
@alhassanfirrdous7292,1
@liyagirma2578,1
@zhariarose,1
@Jesus-h9o9t,1
@JennyB-k2e,1
@nhchance8541,2
@ghsok6906,1
@AlexJams-l9r,1
@euniceguanzon,1
@kimwarrington3151,1
@АллаМуратова-г2х,1
@Anweliu_sangma,1
@levan7567,2
@theblade66,2
@Tetdel,0
@michellehughes3893,2
@jamescanadacoxon,1
@YUKO0709,2
@Alejandro0rlanes,2
@chantalmossoux8244,1
@olujengbesimosesoluseyi4890,2
@spyninjaBrookelove,2
@PelSokha-nr2fp,2
@mutonijuliette7188,1
@dympiece,1
@Mike-ry4mg,2
@rajusapkota5623,1
@michellehughes3893,1
@michellehughes3893,1
@michellehughes3893,1
@amandaferris1341,1
@samhangsing,0
@markmontecillo495,2
@MarvinGuiher-b5q,2
@joanbell,2
@NurlineThompson,2
@Kagebushin01,1
@mohammadhaiderkhan7247,1
@maryloureyes2791,1
@marijanbrecelj1954,0
@지호신-q9i,1
@VoteRed2024-iv4ip,0
@michellehughes3893,1
@Dhalia-p6n,2
@imannikpoo5519,0
@carlalundin8059,2
@CieloDitching,1
@m.t.426,1
@chrissyjay100,2
@Nobu_Tan_1534,1
@chantalmossoux8244,1
@JohnKeller-fq8hn,1
@juanafauda3899,1
@Jeong-eun,1
@m.e.b.1438,0
@rosemarieancheta447,0
@SamuelOtsera,2
@phurbalepcha2862,0
@DukeofCanberraYT,2
@YUCS1,2
@pavadeesomprasong4417,2
@MakvalaBasikashvili,1
@maricarnalus815,0
@mayanitamorstl7038,1
@velikadiva4602,1
@minimouse8153,2
@lanto6316,1
@cherylkissell3940,2
@michellehughes3893,1
@rayfiahoverstreet4416,1
@garywest8705,0
@EsnathBere,0
@ВасяВасин-д5в,1
@saphirs33,1
@babym.j8527,2
@PearlX9,2
@Newfoundmindset2.0,1
@josephatnnaekezie8003,2
@힘을내자-k3d,1
@ifeomanwobu3946,0
@ditasdelosreyesslocsin6394,0
@lawlessclan4310,2
@michellehughes3893,1
@Shaun-e1v,1
@jayfox4422,0
@abbashasnain7516,1
@alp4618,1
@MMitr204,1
@unyimeotoabasi2973,0
@revbuddhivisuddhi1932,1
@Relaxing-z2o,0
@HenrietteDrennan-xg6vj,2
@dbanks2458,1
@henrysang-c8r,0
@Kldean,1
@samgiks2805,1
@ofoneduifeanyipeter7056,2
@velikadiva4602,1
@Superfoodshealthtips,0
@SupermantoPurba,1
@windyphuong,2
@annemag4932,2
@erinbsullivan444,2
@chantalmossoux8244,1
@thoeungbou7481,2
@mjay3734,2
@SadeJessica,1
@힘을내자-k3d,1
@megatjoharimegatyasin8455,0
@АллаМуратова-г2х,1
@venkatesh1721,1
@josefinajakiel8599,0
@franciskjuru1060,1
@ГалинаЕвлахова-п6ъ,1
@jessicawilliams2726,1
@jesamb9902,2
@Cup.F,1
@Jeong-eun,1
@michellehughes3893,1
@rodicacretu1030,1
@michellehughes3893,1
@peterkorisa911,0
@sandyseward522,1
@EsnathBere,0
@greenled5,1
@jassmine67,1
@zyonman2312,1
@JinJin6121,2
@nsamy7628,1
@healthyeating-xk3cy,2
@sharekai1298,0
@raymondbaidoo4707,0
@daven7596,0
@vickimingus9281,0
@cherylkissell3940,1
@theresitasamaniego5465,0
@SigaLA_,1
@ماهانرادینکریمی,1
@nwaezethecla9523,0
@markmontecillo495,1
@michellehughes3893,2
@bamikai.w1383,2
@ThangmamiPachuau-qt7xh,0
@kirkniles4184,2
@ehsoe7144,2
@Rose-MarieFoxon,1
@kd0ileydorsey349,1
@ahngambouchawang7635,1
@gabyb.7743,1
@sajaltarofdar2484,1
@teresagonzalez4829,2
@wendyliu805,0
@soheapkeo9845,2
@percyahuriri2169,0
@emperoruler,1
@Monika-d3z,1
@anubis6397,2
@openmindnow8575,2
@KenziiThaBaddest,1
@ReelQueenBee,2
@emperoruler,1
@PatrickSiamol-zv1dd,0
@faithrehema3560,0
@emiltiwaz1022,1
@PointBlankGuns-Ammo,1
@markberthiaume1117,0
@ВалераКогай-ф2д,1
@JawatirPardosi-v5u,0
@emmamauricio3330,0
@GibatehEAlusine,2
@TRUNGNHATANH,1
@michellehughes3893,2
@TeresaG59,1
@НатальяКнязева-х5д,1
@marianoalarcon6718,0
@nneomafnuche1385,0
@michellehughes3893,1
@littletogethers,1
@SanSan-y3s3e,2
@evelynhernandez7193,2
@achimugurichard2131,2
@nsamy7628,1
@ervindhimitri8103,1
@رایکارایان,1
@michellehughes3893,1
@GideonPatrick-z4o,0
@Minke-c1j,1
@littletogethers,2
@cherylkissell3940,1
@gloriahazel9344,2
@CherylBansfield-l7w,0
@jongkargrinang8012,1
@TuanPham-we8ce,1
@kaarlohyotylanmaki6566,1
@MartiEstifanos,1
@BaxterTembo-f4c,0
@JernyDase,2
@JohnKeller-fq8hn,1
@kaarlohyotylanmaki6566,1
@kennguyen7846,2
@motorfiesta2502,1
@ВалераКогай-ф2д,1
@ВалераКогай-ф2д,1
@comfortihongbe3190,2
@SanSan-y3s3e,2
@edymanullang2788,2
@Im_just_a_plain_guy,1
@JawatirPardosi-v5u,0
@MarietaVardanyan-e6q,1
@زهره-ف7ش,2
@edwinlasula1020,0
@michellehughes3893,1
@janinalech705,1
@StephanieApolinar-lf3ln,1
@aaramse4329,1
@ismaelharoun6929,0
@satiksoghomonyan712,1
@JellySaylanon,0
@margotpalma754,1
@yaniremendez2462,1
@janemary9351,1
@wildspirit3182,1
@thuantran-fr6ot,2
@metab2086,1
@FesehayeGirmay-u4w,1
@MarietaVardanyan-e6q,1
@Rosetazona,0
@ThiHa-r8h5c,1
@geargirlpeterbilt,1
@michellehughes3893,1
@kennguyen7846,2
@Sishirreddy123,2
@SylvanusSolomon-b3e,1
@waygotravel8156,1
@judah109,1
@revbuddhivisuddhi1932,1
@m.t.426,1
@SatTrebor,1
@ismaelharoun6929,2
@michellehughes3893,1
@crimsonking5356,0
@shankarsharma-c5p,2
@cherylkissell3940,1
@michellehughes3893,1
@michellehughes3893,1
@LazarousBanda-kr2bo,0
@dm4713,1
@EdnaPatriarca-s7t,2
@reginahudson9909,1
@Scott_French_Musics,1
@Carcass04,1
@michellehughes3893,1
@中村秀夫-z9t,1
@kaarlohyotylanmaki6566,1
@motorfiesta2502,1
@sheilarojas8145,0
@BreatheTheMatrix,1
@mhdkhar,1
@kaarlohyotylanmaki6566,1
@danhart2858,2
@JJJJ-n3j,1
@tatarudzlorenzo8483,0
@中村秀夫-z9t,1
@richardalbertson5439,1
@michellehughes3893,1
@emmanueljey-sharwan7252,2
@yolandegevaudan2458,2
@JJJJ-n3j,1
@michellehughes3893,2
@JEFFANASENCHOR,1
@Kldean,2
@MumbeleRicky-v8s,2
@MarietaVardanyan-e6q,1
@liwang8462,1
@romy_scr,1
@JJJJ-n3j,1
@nathaliehutchinson4669,2
@aaramse4329,1
@marindoina3017,1
@drahomirach5989,1
@kaarlohyotylanmaki6566,1
@estrellaangay2747,0
@CieloDitching,0
@SaxonOak,1
@KurianJohn-t1e,0
@michellehughes3893,1
@brandondejesus6178,2
@ماهانرادینکریمی,2
@schadracbangwa,1
@littletogethers,1
@littletogethers,2
@petersnood5701,1
@text-pek8835,0
@ScottWaring,1
@michellehughes3893,1
@이영우-g1m,1
@udreamarcel3294,2
@ChristianAkkerman,2
@aaramse4329,2
@akshayaavideo-u5s,0
@hristovj,1
@satiksoghomonyan712,1
@CristianePaulino-v8e,2
@MisahibGul,1
@anamtariq63,1
@methanh453,1
@GoodnessOrji-c4y,1
@Tomato-ripe,1
@anoopkuriakose954,1
@michellehughes3893,1
@NormaGalindo-z8u,1
@ariwnzirakis9272,1
@sussybakasaid,1
@nasreenazmat9220,2
@michellehughes3893,1
@iwonagrabacz8180,1
@MrMoody-bx6jt,2
@iknowledgeaqu,1
@MarietaVardanyan-e6q,1
@michellehughes3893,1
@vvvalladolid123,2
@AngelicaReyes-kb4ct,2
@MarietaVardanyan-e6q,1
@battleofreform158,1
@Dalutagjuliet,0
@weizheng9952,1
@George-s6e,1
@michellehughes3893,1
@NengHer-e2k,1
@michellehughes3893,1
@DonnaIrwin-k7w,1
@mayanitamorstl7038,1
@vickimingus9281,1
@kaarlohyotylanmaki6566,1
@UrbainHodge,1
@LazarousBanda-kr2bo,0
@michellehughes3893,2
@michellehughes3893,1
@Hamere-s3y,1
@JohnnyYoung-g4o,1
@iaradeoliveirasantana9036,0
@MarietaVardanyan-e6q,1
@MarietaVardanyan-e6q,1
@SuzanMahmood-ix3xz,1
@ShopAmine-w3b,1
@ماهانرادینکریمی,2
@imit23,2
@Ri5004,1
@michellehughes3893,1
@JEFFANASENCHOR,1
@徐老大-o3r,1
@brandondejesus6178,1
@michellehughes3893,1
@michellehughes3893,1
@drenasi3837,1
@deepthakulatilleke84,1
@emperoruler,1
@FesehayeGirmay-u4w,2
@АлександрГромовой-о5п,1
@KongdengManaging,1
@NnokaEmeka,1
@anasalvadorsalvador2860,2
@tanyasanchez6151,1
@SuzanMahmood-ix3xz,1
@SuzanMahmood-ix3xz,1
@thuykurtright5019,1
@PrengMon,1
@ehsoe7144,1
@AlfredoGarcia-qs9kx,0
@MariucciaInturri,1
@michellehughes3893,1
@nengvang7273,1
@michellehughes3893,1
@kennguyen7846,1
@Hamere-s3y,0
@paolomartorano6692,1
@MarietaVardanyan-e6q,1
@naniawahyuni6696,2
@AdrianChapel,2
@angelphoenix54074,2
@tyronewilkins162,2
@cherylkissell3940,2
@NormaGalindo-z8u,1
@SuzanMahmood-ix3xz,1
@SuzanMahmood-ix3xz,1
@marycarranza2110,1
@BaoTranDuong-ew9tz,1
@abdulmani8137,1
@mtzion3558,1
@landafluit7590,2
@ClementHenry-zb6tv,1
@MIGUELANGELCUICHANSIMBA,1
@michellehughes3893,1
@JosephNggyak,2
@ShopAmine-w3b,1
@michellehughes3893,1
@ЛюбовПаславська-х3ш,1
@AlfredoGarcia-qs9kx,2
@michellehughes3893,1
@thuPham-bz5sx,1
@AbudullahiAbdu,1
@Bekindtoall666,1
@michellehughes3893,1
@SuzanMahmood-ix3xz,1
@CéciliaREYES-w4s,2
@MisahibGul,1
@Hamere-s3y,1
@aaramse4329,1
@smoe568-pw7sz,1
@tikanursantika,2
@cherylkissell3940,1
@SupermantoPurba,1
@ehsoe7144,1
@MarisselajesusaMeghanTel-fl6dq,1
@LidiaFlores-w6h,1
@keramanbinmohamadiemansah4011,1
@DavidPicazo-i1c,1
@Claudia.888,2
@RonaldCampbell-pg2bc,1
@mariyazabolotskaya,2
@Tupelo_Honey_77,2
@NoelTanoja,1
@WilsonCruz-tv,2
@SuzanMahmood-ix3xz,1
@keramanbinmohamadiemansah4011,1
@MartiEstifanos,2
@kennguyen7846,2
@keramanbinmohamadiemansah4011,1
@RobreFotune,1
@SumeiraArain,1
@pauld.atkinson4842,2
@ReelQueenBee,1
@omavaknephillips4205,2
@Newfoundmindset2.0,1
@Walter-t1v,2
@yakubumarcus,0
@davidmajija2540,0
@HenrietteDrennan-xg6vj,1
@RobertWalters-zt3en,2
@vickierodgers-mcdaniel4453,2
@DoctorAmer-d1s,1
@Ntyuask,1
@MichaelWhitcomb-f9n,1
@Josh-ww7mp,1
@murphmanin,1
@bellabacci8056,1
@A_Dongle,1
@PandDsBIGAdventures,1
@sundager8735,1
@LightworkBeacon,1
@IaamBunBun,1
@dankmemes7658,1
@bonniewiggins1168,1
@VallHolla-h6s,1
@timogul,1
@kaylingle3890,1
@basedpinkcanary3624,1
@arturdziedzic9178,1
@Lonewolf-i8p,1
@vikingraider712,1
@orbitalpotato9940,1
@poochyenarulez,1
@ensomniiac,1
@FRISHR,1
@quonkylops,1
@andrewcruz7595,1
@slenigirl88,1
@FRISHR,1
@vsg297,1
@shadowlineeu4172,1
@troyevans1014,1
@MeganJordan-zj3cj,1
@Zachary_Dale,1
@tylerschuelke7769,1
@pathogen7687,1
@chkinlord113,1
@raoulduke8003,1
@thegmanofEAP,1
@jakob4461,1
@flashmcdash36,1
@phalexxxx,1
@emdraws95,1
@WeePandas,1
@JesseStone-zv6zn,1
@Apoc2K,1
@annegoodridge8174,1
@overthrowaudio,1
@LW13r,1
@fakename2212,1
@exospaceman8209,1
@LaughingJack69,1
@issa_boat37,1
@F0r3st_Sh4d0w,1
@skitidetdu6672,1
@klein.konijntje,1
@BrighamYoung-r3z,1
@alfthaheiti7151,1
@ssseditor,1
@iamhumanOWO,1
@fashonthem,1
@rosendaldk,1
@francislouisedeguzman2424,1
@kriskris2625,1
@DCGreenZone,1
@pieter2664,1
@Firetiger1051,1
@Hadouken88,1
@AnzarDtafukt,1
@gregmyers9587,1
@dardanm3544,1
@stray1239,1
@sylviahuitson8309,1
@sasachiminesh1204,1
@luddewho,1
@InnoMaxDynamics,1
@audacityknight,1
@NickNack93,2
@mryangrant79,1
@puttiepye4248,1
@marciobonjovanni4689,1
@kaylamanor,1
@boriquatrader3543,1
@zachjmarinis,1
@andreabernasconi2484,1
@raral0934,1
@princesspupcake1269,1
@iMonkey007,1
@PharaoTeti,1
@JohnMonde-u3q,1
@martijn3151,1
@ewika420,1
@Berniebud,1
@rulerofgaming1870,1
@TimberwolfMountaineer,1
@Yoyowassup2023,1
@tiptirts7020,1
@citizenbrain8065,1
@StrawThatBends,1
@theguy2940,1
@adelyonismohamed9606,2
@Voliopop,1
@SniperTower,1
@MrDeothor,1
@Expired_Snack,1
@scott7521,1
@franciscosouzaaguirre9688,1
@RuhrpottGermane,1
@Analyst104,1
@prissykrissy8928,1
@latest9313,1
@ImNotFine44,1
@ADM.II.,1
@BOSSDONMAN,2
@louiswilliams8047,2
@Lolo-nn7dc,1
@unfrogettable9495,1
@lightningboat,1
@ohmisskaimi,1
@SammyBog67,1
@animaffx5332,1
@Watssssswelll,1
@justgeralt7762,1
@JezykxD,1
@price8346,1
@xD1904,1
@dawncarlson9131,1
@vince1132,1
@Joshijojo,1
@lilsailormoron6969,2
@jjoe7078,1
@Drewsel,1
@forevergone-h6q,1
@antipsychotic451,1
@Shoshir-y5b,2
@BrianKiddDevDesign,1
,1
@Lookingforcompellingevidence,1
@sarahmora7834,1
@petergallagher3698,1
@ScienceofAesthetics1,1
@DoubleStudentLoans,1
@59fiftycap,1
@daveher9554,1
@burpeeslurpy,1
@Cyber_Crows,1
@BerxeXwede,1
@jamesmisener3006,1
@NedayIsOnline,1
@jdykes1381,1
@MongrelMobiles,1
@nsbd90now,1
@Swagbigail,1
@defender1238,1
@billythedog763,1
@KimPBarnard,1
@philippschmitz1787,2
@doesfireburn8532,1
@Nonamethankyou128,1
@hijack1453,1
@zehpigeon223,1
@kpardee72,1
@inciyasar,1
@IzzieBarrera,2
@Ihayden,1
@Jakejackson1980,1
@albertmeyer8983,1
@kcstereo,1
@ratanalankaragalle8245,1
@Michael-sb1gj,1
@headtheballington,1
@ernesto5855,2
@georgesalagean8236,1
@CMacCart,1
@xhaozhao,1
@MAJ0ROCEL0T,1
@dontcare9689,1
@Tommaso-d2o,2
@olivarezmig,1
@mySysters,1
@Photography-kh5un,2
@blkmambautube,2
@Shalalalala_666,1
@Croakin,1
@sambarnes7234,1
@PianoDentist,1
@markwelch317,1
@zeonmx,1
@paciriver4290,1
@JoybuzzerX,1
@shanetubeman,1
@aeriagloris4211,2
@mksundstrom,1
@JasonFox-k2i,1
@clinthelquist7761,1
@ytpremium7649,1
@juanf5391,1
@starseeker1334,1
@1212haro,1
@mycrazycat858,1
@lenns_music,1
@pinkgirl281982,1
@Azshaera666,1
@Bubbl3Popp,1
@craigmurrayauthor,1
@matthewbarrett645,1
@Trauson,1
@AlvesHeim,1
@Joel82,1
@emchammer1815,1
@OddlyAmusedByAll007,1
@rookiebeeeautch5847,1
@Nullpersona,1
@kcblack3621,1
@AlIles-kr7ve,1
@TheXbox720,1
@lawmain2864,1
@LordOfTheEyebots,1
@ArticlesyourDearMother,1
@mchili-l5b,1
@bambina5604,1
@Redhawkbeaver,1
@sargeantBones,1
@21stcenturyworks36,1
@shaylahenderson3113,1
@kristicuk,1
@russellandrews1177,1
@tuttt99,1
@cup-noodle-love,2
@ninsanity8184,2
@cosmocubez,1
@raczpeter3264,1
@ethanjoe3306,1
@Alex-the-hobbit,1
@paulforsell5197,1
@memeose,1
@lindenchisholm,1
@_zip_fly_,1
@91tumtum45,2
@keithsaulsbury4304,1
@tobieburn,2
@PraetorianAU,1
@sammallory,1
@teewoods4886,1
@the_real_vdegenne,1
@vr6one,1
@GracieM459,2
@norbertzapf960,1
@jakebrowning1401,1
@G-B-F123,1
@konjurist,1
@mashuu2301,1
@GreenHobbit,1
@hdc1979,1
@tripicus,1
@Fernandez7809,1
@geekworthy7938,1
@dianeschwartz646,1
@dieuble,2
@lordkreppert6239,1
@ThanosNikolopoulos,1
@richardii5989,1
@zackari,1
@truckerdwill,1
@entalon,1
@theoriginalskinsey,1
@dfarmer1584,1
@TeuvoSeppo,1
@deseraehoward5020,1
@revwillyg6450,1
@adelyonismohamed9606,1
@MarouaneBoukki,1
@MaryMaryWasHere,1
@KiffJRockka,1
@molnarboglarka9062,1
@sillygirl-v3y,1
@laranja3,1
@rantym35,1
@HFDZ119,1
@alexandaryu,1
@Im.Smaher,1
@arkandosquad,2
@christofrothen4612,1
@polishpsych,1
@samsosa7164,1
@kylebewley7790,1
@JelenabyMax,1
@Athena4251,1
@darthar7306,1
@jamieodonnell160,1
@julietteh39,1
@itsvmmc,1
@realpano,1
@SickSkwerl,1
@dezporter4637,2
@ghitaciprian,1
@yiosefdln7621,1
@Duh-Nith,1
@tammywright1959,1
@Icylem0nade,1
@Kensond4000,1
@aidarosullivan5269,1
@RuskaLover,1
@BeauminSherman,1
@billyshay7207,1
@shedlooney,1
@quonkylops,1
@aidenkashi6110,1
@ivanmadjarov,1
@bart170,1
@henry3137,1
@JohnMarcus-c1o,1
@guiseppe36749,1
@Li0Convoy,1
,1
@JesseStone-zv6zn,1
@TheObscureMediaArchive,1
@cheesymiccheeseballs8227,1
@rediorxd,1
@JC-pu3jp,1
@Kit-KatKatty,1
@nassifsamuel55,1
@cero1258,1
@MRFrancisco-s5v,1
@matyera,1
@melvonmitchell,1
@antique7391,1
@polaretto989,1
@fabienl4979,1
@mathewpierce1723,1
@anthonyuccello8450,1
@definitelynotjasonmomoa,1
@cjplays1222,1
@DidjfjxnxmdiDidjcbfj-f5s,1
@iii2187,1
@pgiannoulou,1
@innerzen4206,1
@mariejane1567,1
@hassegullmarsvik2572,1
@GC_7217,1
@POLISH_PATRIOT4EVER,1
@TheInvertedMouse,2
@kriskris2625,1
@4123rqwe,1
@Bast2996-3kl,1
@hex-space4107,1
@angelmatos9143,2
@keithdavies1395,1
@mmgsundar,1
@DesertDweller1776,1
@Kilic311,1
@FLomasterZ,1
@Kavallero,1
@BleachBandit,1
@scottykhajiit1316,1
@nonyabusiness7,1
@supreme_ice_soup7317,1
@jessicatimm559,2
@Theendbeginsagain,1
@oliviapuchalla3865,1
@YogaJunky12,1
@DeusVult-q3f,1
@robstak8905,1
@benkloss226,1
@jdykes1381,1
@undeadcenturion402,1
@katmiller4069,1
@jasonzupke1474,1
@brockobama257,1
@bioscientistandchemist,1
@ChipClip-r3y,1
@ZeothGames,1
@xlogisticstransporter1696,1
@DanielS-w1n,1
@AaronEllisOfficial,1
@adilfazal750,1
@ConnorMcSweeney-n1x,1
@tverskojkozel8231,1
@Amber-Stardust,1
@wnnewmail,2
@ezequielseery5265,1
@75greenfish62,1
@kamikaze6295,1
@firsty9354,1
@travislogan302,1
@ZeothGames,1
@summerrrtime619,2
@sophia-z9q,1
@danielberg7644,1
@ciannolan9713,1
@bartvanderpoel9068,1
@hoosiercarry1149,1
@onemillioneuros23,1
@Treescout221,1
@DasPferd,1
@OneYoumark,1
@flesz_,1
@leeqskyy,1
@sweetpeanmolly,1
@michaellaber6574,1
@Murr250,1
@Xxperimental,1
@Drue7,1
@bryce6445,1
@bear77h20,1
@TheGudsdotter,1
@TracyStarkd,1
@RoseAngelHalbreich,1
@Dr_Mid,1
@artimissprime1,1
@user-dr4pw,1
@ZeothGames,1
@rhettmaxwell4860,1
@JumboJabs,1
@amannoonelistensto8615,1
@Crypt0n1an,1
@BigboiAjit,1
@1vbAPiYk,1
@simpledesigndrawing.,1
@RilianSharp,1
@Slv4S8n666,1
@RexLaRue-h5r,1
@fiddeff,1
@goudhaantje3569,1
@jarrodmelson7802,1
@VideoRandomChannel,1
@sdjnfzxcnv,1
@ParDiss-e4i,1
@reaperdog_,1
@weedwhisperer6767,1
@Brightshine777,1
@inappropriator,1
@christianjones4691,1
@Dr.SteveBrule-d1r,1
@theprussian4616,1
@cecilialugo6188,1
@TheRealZegend,1
@doesfireburn8532,1
@binks69,1
@laxmilamichhane6696,1
@principal_optimism,1
@b6phy6s,1
@JeremyMasters87,1
@GwladYrHaf,1
@VoidedPastaGD,1
@Unregistered.Hypercam.2.,1
@OryXity,1
@ShadovvXero,1
@zachr.4711,1
@Filozof____,1
@littlewolf-1,1
@MrSockez,2
@MaxMax-nn8ur,1
@mellowmurkedyou,1
@renaeann-e6x,1
@williamreilley8747,1
@Musiccalculater,1
@lucasrokitowski8707,1
@ChrisV-n6i,1
@dogdoggddog,1
@ashleystevens-prior6888,1
@Jyde_Hekyll,1
@josemama428,1
@oudehmish,1
@MACPOWforever,1
@bjbolander620,1
@HughTube-t6l,1
@AdamAnt__,1
@amelafahrudinkulanic4681,1
@igiop5628,1
@mateusz92380,1
@MezmerKaiser725,1
@marvinamador8875,1
@AT-qm8gv,1
@abd-e5w,1
@Carolinastrucks,1
@Jerry-u3v,1
@karlpedersen7,1
@dustinwatkins7843,1
@RoryMcDuff,1
@rubenramirez283,1
@TreinspotterjoresNL,1
@trudiwilliams2369,1
@GypsyNomad-n8g,1
@CatFIB,1
@civotamuaz5781,1
@Gr8d33,1
@migueltenn,1
@stephaniesea90,1
@Rex-j1q7e,1
@Virtus647,1
@Robster-Craw,1
@markkasprzyk3287,1
@LudmilMetodiev,1
@AFree1Month,1
@namesake7139,1
@IZman-o3w,1
@kevinhardy8997,1
@davidjjones-k9p,1
@dieterwtm8941,1
@vitorhugolinonovais2861,1
@ChiefStarLight777,2
@slayer7362,1
@beerstein7137,1
@bROJECTY,1
@Ytse6688,1
@abby-r5z,1
@mainelinearchives2951,1
@JFBBB535,1
@georgianborat,1
@anthonyaddario4653,1
@arman100tnt,1
@jennyohara4011,2
@TYRANT_GODS,1
@08elio,1
@myiagarrett3446,1
@muhfuukybuckey,1
@proxnoob6177,1
@Lill-WilleMAPPING,2
@bartjeurninck1670,1
@jasawthemonkey4219,1
@ttv_Blackjackgamin9233,1
@fyruzwahid6100,1
@CasualREDACTED,1
@jedediahmyers7495,1
@porek965,1
@MEOWalina,1
@ShantiIly,1
@itendj5386,1
@katie0303,1
@abd-e5w,2
@ambassador8524,1
@producoesdomatheus45582,1
@blablabla1196,1
@PrettySweetPea,1
@anthonycaruthers9844,1
@lucaassmartin3154,1
@blackvirus9,1
@naveen41148,1
@Bigrich0g,1
@stronggs1459,1
@bigfrysmallguy,1
@LonelyReject,1
@Jamb13,1
@nick9311,1
@Mohamad0670,1
@TwitterNewsNotOnTwitter,1
@Bjorncu,1
@miguelooon3296,1
@1939Masterdeluxe,1
@karnaerrande,1
@greatrunner7665,1
@romanlujan5461,1
@EarthhasfallenTV,1
@Mr_Boss_Smile,1
@sauron2000000,1
@tomaszzych865,1
@122savage,1
@rtrevino3189,1
@kramer1916,1
@mattpace9736,1
@hbinfinity,1
@DariusStone444,1
@jackherschel,1
@Aizen_Sosuke999,1
@casey5018,1
@Dadshistory,1
@Ben-bf4cx,1
@ianvanessen9356,1
@kkoops25,1
@vidya2144,1
@StrannayaStrannik,2
@DianeMurphy-r5z,1
@alexmongold2539,2
@vinnelthomas6396,1
@TheChoice2121,1
@rogeliorodriguez529,1
@Oboar,1
@vitof2921,1
@WolfOfBrooklynXOfficial,1
@TheDrummerBear,1
@TheraPaste,1
@James_Barris,1
@medroastt9888,1
@JulieAnneRoberts,1
@Anon14_88,1
@JohnnyBlaze777,1
@bunghole209,1
@madame4883,1
@fedsql,2
@baemvideo7551,1
@XavierM-n6u,1
@johndreger2193,1
@JlDlON,1
@ROY_MUSTANG974,1
@RoadToZionFarms,1
@ianpaton2412,1
@df6148,1
@chubbyninja842,1
@LottMahonri,1
@RequiemPoete,1
@Lipza123,1
@adriandemoxica2760,1
@TELEPOSSE4EVER,1
@solihin5050,1
@michaelangelo9119,1
@bladimirkroutska3707,1
@canadianturfsandwich1258,1
@evelynrivera8799,1
@DonDzon,2
@ConradOso,1
@christianvance1614,1
@grey59bhz77,1
@Shade84,1
@lucguenette7534,1
@shadowofpain8144,1
@Pawcio2115,1
@juiced151,1
@gracemadzia,1
@TheMati1471,1
@b190captain,1
@yob4928,1
@slicvm,1
@unoriginalname3442,1
@bobthycat3914,1
@the4thtribe709,1
@tonynoisiel7784,1
@smileybruv,1
@wahyusaptanugraha3221,2
@samsarapicture,1
@mmojave,1
@neku2741,1
@Dominicanotv,1
@Jack-ko8yo,1
@oCreiziiFR,1
@lucguenette7534,1
@sherrydouglas7730,1
@dwax6467,1
@ddljunkygames7654,1
@pragyanadhikary1741,1
@mellowmurkedyou,1
@zhizn_snake,1
@tkong6465,1
@Michael-rj1jb,1
@cilvineimonteiro792,2
@WaltProbably1394,1
@Leoheaven,1
@SilenzioDiEsistenza,1
@MintDecavitator,1
@Polish_internet_troll,1
@Philup_,1
@CarlJosephEscarian,1
@rosebluesky,1
@jeffkardosjr.3825,1
@teslar7,1
@PokeShadow77,1
@JoseFerreira-ih1po,1
@SocialistStarofYugoslavia,1
@res-publica,1
@2007crf450r,1
@rac3502,1
@Scotty_Brigner,1
@anticomunistul31032,1
@Dexter-Troy,1
@monger6689,1
@slayerking93,1
@eitsu177,1
@PERIL_66,1
@lacer28,1
@RLF1,1
@MisakaMikotoDesu,2
@Eminkonto,1
@Protato666,1
@gobot581,1
@gabivisan1937,1
@klaudiomalaj5240,1
@briansrensen8204,1
@AnnieBarnett-g6j,1
@saskiademoor8400,1
@kellytaggart7409,1
@breathedeeep,1
@hollygolightly8048,1
@scarlettxlilly8520,1
@sonatamiseikiene5916,1
@capturethelag1731,1
@greenalien3857,1
@Radspidey,1
@MargaretDamsell,1
@Eminkonto,1
@infernowater,1
@BKNew2022,1
@CelestialSkyL,1
@consterus,2
@arch1q892,1
@JNacoustic,1
@morbizzle12,1
@jozedubre8446,1
@alexjhonson6724,1
@Sam-rp6tm,1
@Patricia-413,1
@RickMalbani-r9c,1
@Doggo-Kaiser,1
@Cosmic-chopper,1
@williamsaramirez2700,1
@TheChosen2030,1
@donaldlococo954,1
@BigLebowski2000,1
@black8284,1
@mockih3334,1
@WatchmanForthePeople,1
@Iam5diamond,1
@ty3fhs3d3,1
@dylinwood4528,1
@YOG0DLY,1
@fuerstdarren1817,1
@johnlamb3101,1
@atkatchenko6225,1
@kiillabytez,1
@K-DogKelly,1
@mohamedthaaircassim6657,1
@nswag2706,1
@EdmundRobinson,1
@s3ra9h1m,1
@godslittlegirl,1
@e.n.akasha9516,1
@zeljkoljiljak1984,1
@MrNorris121,1
@mstoppa9835,1
@LincolnWilliams-s6g,1
@6357G,1
@AdaClegg,1
@lindacollins6939,1
@garyproffitt5941,2
@TheBlanco951,1
@pennygeno5629,1
@shellzee21,1
@chriscoston,1
@LittleSkattie,1
@tamtamtamatim.4860,1
@iam1toughact2follow60,1
@morag-bn7pp,1
@RandyStIves,1
@C.Ev.He.91,1
@cheeseman9579,1
@DavidKless-q4y,1
@Dr1MaR,1
@rschloch,1
@Let_Them_Burn,1
@spaceghost5109,1
@Eldrvck,1
@entitypro7671,1
@coyote5851,1
@louannjohnson5887,2
@thyroneellison4942,1
,1
@SelfImprovementin2024,1
@nosharenottellin5836,2
@LadyWindsor,1
@ivanperunow8599,2
@jacobsherry941,1
@benicholson22,1
@capirotodoacre2779,1
@purrbox7514,1
@ionutoprea3730,1
@IvanoLoupias,1
@LincolnWilliams-s6g,1
@frankrodrig9908,1
@fraks72,1
@leonid3595,1
@friedrichhof6304,1
@chrisbuccino4901,1
@Johnny-c6p,1
@Renderthetender,1
@hhattonaom9729,1
@firdausselim9632,1
@dukejason,1
@SEEKANDDESTROY717,1
@TheoTugnao,1
@HammondCheese-m6g,1
@LouC2chi,1
@alextremo824,1
@EskiMetinBelgesi,1
@Mynameisstfu00,1
@IceCold_Rollz1339,1
@Pedro_The_Panda,1
@Джокера,1
@MintDecavitator,1
@JoeDeCarlo-km9nf,1
@GsCe-m2d,1
@Skape2.0,1
@sssaint,1
@Namekiankingpi,1
@DamionBurciaga,1
@sk6204,1
@SnaccerRuffles,1
@uwotmate-d3m,1
@dandrlacher1,1
@Feargerselfsclone,1
@oneofthelastsurvivingdoges8832,1
@WilliamSchwarz-w5i,1
@erikgraskagg9234,1
@Gmalife,1
@SimulacronX,1
@SpectrumConstruction-jx8ft,1
@Bemark100,1
@MayerBota,1
@eyda55,1
@elianto47,1
@behaveyourself-ho1ef,1
@eugenelem83,1
@antonioramonenriquez4242,1
@lucas_santos_69,1
@IrmaYu-k2e,1
,1
@AIIrishMusic,1
@CormacHolland,1
@nikitabhoelai4420,1
@Lysergamide,1
@DoYouQ-k5s,1
@Vowmd,1
@Josepis,1
@PK-fu6xd,1
@50ShadesOfKlae,1
@HeatherBoo916,1
@JeffM-d8r,1
@ISAACHALLEY3000,1
@jeantammy21,1
@jessegarman7899,1
@Graveguardian-whitetubby,1
@Alma119man,1
@oksanatulpa7984,1
@clipz4465,1
@KaySkywalker,1
@echelon8197,1
@quby8265,1
@sethcat6232,1
@Serzjajecznica,1
@davidmartin8835,1
@SkarsnikofdaCrookedMoon0013,1
@GVarCha88,1
@boingobunny,1
@TilopaDruid,1
@bettywillis6799,1
@phonymex3340,1
@blasto1926,1
@_knephalem3797,1
@jeantammy21,1
@Liberty_Troll,1
@juanaguila4312,1
@EvanBeckert,1
@denisjames8024,1
@beatch42,1
@Jamacon_Smores,1
@rawcrazycomrade,1
@satuon,1
@KohlraSSJ,1
@markh9675,1
@fursona_au_chocolat,1
@domesticonion8026,1
@exspiravit13,1
@Cynthia.B,1
@JohnnysHow-To,1
@phat-kid,1
@Killjeser,1
@Billchuck007,1
@vanyel6591,1
@jojodancer1743,1
@harrybarry6,1
@julieproctor6039,1
@alexlu-way6904,1
@Jaysmithenburg,1
@corndogbin,1
@Justbored0342,2
@Moonxg1,1
@Andrina-fl9ef,1
@happyandfree11,1
@username-jw7kp,1
@Odinarcade00,1
@saywhaa4509,1
@sinksinksink,1
@ctjade,1
@lldeari1,1
@pootakhu,1
@sofaking1627,1
@faf7919,1
@elchicano187,1
@dumptruck_babs,1
@darrtrubb,1
@DavidYbarra-c4u,1
@klinezero,1
@livingsimply68,1
@WH0oo...,1
@garybowler5946,1
@keepittoyourshelf,1
@cassykaye7596,1
@diamondlion47,1
@angelaross3686,1
@merrybluegirl8930,1
@katberrybeauty,1
@navi2102,1
@fahmad7194,1
@lynettevinich861,1
@titus4166,1
@konakoffee00,2
@jesuisnoach,1
@DebraCoughlin-s6l,1
@AndeCrabtreeIII,1
@MontaukProjectDaughter,1
@KatyDrexler,1
@_LuxStein,1
@lc_designz8110,1
@HelenHoronzy,1
@yuhanzhang2882,1
@KatyDrexler,1
@kellyappel3015,1
@rw9931,1
@drrethul1806,2
@BA-se4bm,1
@FoxRogers,1
@florinivan6907,1
@timedwards5600,1
@MANOHARANGOPALAKRISHNAN-w2g,2
@Deborah10000,1
@nonenone4219,1
@jeffmoran5973,1
@Clonest,1
@Nonyobiz,1
@301tg8,1
@ytalchemy,1
@Leonkennedy19992,1
@Cosmic_Cookies_774,1
@kindraericksen7077,1
@damham5689,1
@ga6589,1
@somewheretheheartis,1
@-in-the-meantime...,1
@ParaSauralophusRex,1
@collinbana4516,1
@nanaya4950,1
@QueenReina6419,1
@DBo-pp1gn,1
@vargasmento2694,1
@Reesa-u9e,1
@SiimKoger,1
@kenofken9458,1
@RedPhroggz,2
@MarkusAudio,1
@stianslatleimjohannessen9089,1
@PatrickWDunne,1
@davidyoung5726,2
@IkeJones6969,1
@Gurupodcastreviews,1
@slindsayharmon1086,1
@jevriend4992,1
@123Professor,1
@hedywatrous188,1
@Gaigin22.32,1
@AllWPS99,1
@donnasloane9031,1
@tonyvelez2070,2
@sharibigay4712,1
@danInRealife,1
@kimjodoin868,1
@uSpeakTruth,1
@JamesKrawetz,1
@barrydeklerk339,1
@tomsanger5548,1
@salahudeenmoses4093,1
@adamyoung4862,1
@Spectre-mf9vs,2
@QueenHughey-yv6et,1
@camarox,1
@BrunelGriffin,1
@havable,1
@SiimKoger,1
@yadeesh1,1
@ambassador8524,1
@Ball_drips,1
@anonymoushuman8443,1
@donvindicare6517,1
@susanhoffman8,1
@notme989,1
@melregissings,1
@ramenluvsnoodles,1
@TomsDoctrina,1
@caseywoods7715,1
@hollihendricks8017,1
@4real945,2
@bswogger4656,1
@ninasage7735,1
@brittaneydortch4358,1
@imblobtheblob,1
@formerlyfromthefuton8171,1
@barbarae.demullingbriggs8362,1
@Uhlersoth77,1
@lucasbeccareeves108,1
@Dianalynn62,1
@madworld6801,1
@bobrat,1
@fasetam,1
@oligarchy-usa,1
@tyfrazier2905,1
@BabsKaz,1
@Thor.Jorgensen,1
@x2159x,1
@michaelccopelandsr7120,1
@AG-bp3ll,2
@TU-qc5xr,1
@AndreaValentine-w4o,1
@The-Real-Skinny-Bob,1
@ChristopherGardner-x7h,1
@Computer-v5e,1
@rebelaney,1
@Friedtoenails,1
@jerrywilson5689,1
@doonewatts7155,1
@JADENLN-fz3mv,1
@johndreger2193,1
@lga9046,1
@donshilo2024,1
@Dawnsy-m7s,1
@CrawlingShadow9,1
@lindathomas9408,1
@AlbertoGarcia-hk6jd,2
@TheLex19821,1
@Jimthehumanoid,1
@johnshepard9894,1
@AJ-ev3hj,1
@Orangeclown2025,1
@michaelcromwell8314,1
@ursulatroxler7428,1
@TwinkleToes-mm4kb,1
@jeremiahm_8626,1
@jstins,1
@MrDennyChow,1
@Peggy-tj1ws,1
@caseycat,1
@ToptierGod,1
@BigusGhostus,1
@wchocobunny,1
@individualthought3844,1
@ryanb2764,1
@Gud-y2s,1
@gibbethoskins8621,1
@kelkel8924,2
@Peekaboo-Kitty,2
@jacqueholloway113,1
@markdc1145,1
@peterwilson8039,1
@jimmyPureYa,1
@mrich9654,1
@renaldofanucci,1
@user-up5kh2mz4n,2
@ManuelMorales-km7hq,1
@Jephro360,1
@thomasscott4400,1
@swerve222,1
@Rill_1,1
@CurtisJeffries-cd5vu,1
@brookebenton8192,1
@davidlegge290,1
@DevinLittle13,1
@chapalini,1
@jamesm568,1
@brouw7272,1
@chrisdalton5646,1
@westcoastplinkin6559,1
@DavidMadruga62,1
@UporaFilms,1
@wandahale7475,2
@DonnyRicklesJr,1
@adamachahbar6908,1
@TheWorldsprayer,1
@nathanfranquero2242,2
@DonnyRicklesJr,1
@EdgarHeisserCruz,1
@staceylonnesh5550,1
@calabiyauisdeadmeow,1
@kaygeez1542,1
@Bushman1083,1
@tanthony298,1
@gailpierucci2170,1
@scarecrow2275,1
@chloe3101,1
@gagekillingsworth6268,1
@22calson,1
@raymoniano,1
@ZezimaTruth,1
@fredyoman,1
@teetop5776,1
@MichaelSmith-vj6im,1
@irenapressley4136,1
@JenZ727,1
@krismo1711,1
@marcusmifflin6941,1
@Chris-u1j7m,1
@robertrutenberg3919,1
@Teus-xm1zx,1
@Sleeplessincle,1
@burns767,1
@n1fffan,1
@swapshots4427,1
@FIippers,1
@vivi-ws9yl,1
@farisribbit1706,1
@seanquatakenyata2620,2
@DychPmuk,2
,1
@huukir22,1
@uwotmate-d3m,1
@Casnazer,1
@drawingmomentum,1
@FurthermoreJack,1
@anxiety,1
@r4ym1n13,1
@byronchurch,1
@karrie.,1
@devangpatel5285,1
@Sachin_C10,1
@christianbritton1362,1
@TerriAnnNiemeier-dy3no,1
@stevenchapman5810,1
@Holla412,2
@PhxOmega2025,2
@aston452,1
@adt3739,2
@terihaynes-yf9jb,1
@craigmenear4767,1
@alicehenry6935,1
@stephencorsaro954,1
@SodaPopinskiCCCP,1
@hendrx,1
@LionelLando,1
@BnzLuft-ce1iz,2
@FurthermoreJack,1
@charleslanphier8094,2
@The1RandomFool,1
@michaelwops,1
@Zach-h9k,1
@tiancai7177,1
@CharlesP-v2r,1
@elenaalaya8242,1
@sammymobs3889,1
@ruebenvangleason2505,1
@okbro1239,1
@velvetwaterband,1
@mdcoleret,1
@IamKatiak,1
@qianyifan-nl6kd,1
@salasaro3584,1
@MickChowTV,1
@vk4jsn,1
@MichaelWerner-p1e,1
@Ambientambiencechannel,1
@opeth51,1
@bobiel9048,1
@MrsDyer1206,1
@a.psquickview2071,1
@salatauk,1
@liddelrobin1546,1
@Dealete420,1
@stefanoprea6801,1
@ydnewrebuh337,1
@dam8087,1
@tcmb3434,1
@TheJakecakes,1
@KPUP98,1
@Dierdre_Barlow,1
@bayou077,1
@johannludwigwolfgang2889,1
@branscoset,1
@dosquintoiuos,1
@rick_bassman,1
@TweaNation,1
@mrich9654,1
@ArchThaBoss,1
@russyoung7388,1
@Fuzzeej71,1
@n.p.mackenzie,1
@terryjkhn5725,1
@NavyAssassinOnBLAST,1
@beanpasteposts,1
@susanjackson6521,2
@robertmcavoy2705,1
@Ch0c0b0,1
@SyedaBatool-l5l,1
@hayatwy,1
@Whodunnit-h1k,1
@isaackabibble2098,1
@Tyzen7,1
@fiocco3333,1
@damham5689,1
@barbaravandyck2620,1
@ladyknighhawk,1
@JamarHaynes,1
@AprilBradley-jz8jy,1
@jon2026,1
@imayang,1
,1
@mskmsk7174,1
@CPAgamer313,1
@Kris-v7g,1
@SuperChangcho,1
@marlannakennedy4508,2
@derickgonzalez6834,1
@vakudibeardefender3953,1
@GeorgeBritten-s8o,1
@stevesut2566,1
@Powerofthadolla,1
@winchestermodel1894,1
@detroitg5881,1
@staaravian,1
@charlesjohnson4933,1
@James-o7k,1
@fale404,1
@Logan91S,1
@vj6024,1
@RussInGA,1
@d1gee3,1
@JMac-o3r,1
@forevergone-h6q,1
@jnorth1000,1
@glennstonge7582,2
@xxLostInThe60sxx,1
@Kingmrtz22,2
@davidsuch8942,1
@AndyEaster,1
@blackcorp0001,1
@ericheine2414,1
@drewopal9283,1
@ReubenBuenes,1
@thisisthetruth-f6w,1
@jrochannel307,1
@JaneDoe-kd6in,1
@jeffreyburgess8099,1
@patrickortiz2898,1
@MegaPinky2011,1
@7thrank,1
@TexJester-no8th,1
@shawnlindsay150,0
@Steve-p6i,1
@herenow4875,1
@QueenHughey-yv6et,1
@batipapo,1
@JobbyFraggle,1
@Christopher-p7p,1
@Madmarcagan,1
@JustBrowsing123,1
@minouchesfourtwo,1
@Hummingbird-83,1
@jibril2473,1
@SamAdams-r6m,1
@wordswordswords8203,1
@RAWPAPRSxLONG1s,1
@MH_Bikes,1
@davidlegge290,1
@spectre3492,1
@MrMetro-mt5qv,1
@tinajohnson3162,2
@Bwnsjs,1
@leonardodalongisland,1
@greenman651,1
@stefan2796,1
@u.s.a.1957,0
@TerriAnnNiemeier-dy3no,1
@kevinbratcher2221,1
@mrmisanthrope7613,1
@embarrassedamerican,1
@justintime8922,1
@SóSaboQueNadaSebo,1
@JoshYarbero,1
@magicchef4938,1
@BigPapaVerde17,1
@07350zhr,1
@richardstaples75,1
@ZubairBaig-o6z,1
@ahhhhhhhhhhhhhhhhhhh9551,1
@mikemike2815,2
@allisonblanco514,1
@davidlegge290,1
@Seisenberg,1
@pvt.prinny759,1
@BeachLover64,1
@JahMov,1
@PepeDePasqual,1
@nothingtosee314,1
@HaroldReed_533,1
@chicagocathrun7738,1
@exospaceman8209,1
@rüdiger-c4u,1
@nosajnotlihc6853,1
@abocado777,1
@annefranco7179,1
@idea_list7779,1
@StephenSeanWatson,1
@PamelaMastalir,2
@birbsandsports,1
@mrsmith5114,1
@eugeniawray5013,2
@nursekate67,1
@someguy7029,1
@TheGirlatthewindow,1
@bravewave2084,1
@beefninja7555,1
@DonnaEllis-l2z,1
@MarkHernandez-c9MarkHernandez,1
@79Bobola,1
@leyafletcher8934,1
@kimle848,1
@larslover6559,1
@covingtonrealnewsnetwork5662,1
@arayasunshine9172,1
@jenniferlast76,1
@JuniorLeiva-y5t,1
@4713Caine,1
@jasonboyd5740,1
@modestino73,1
@RussianBotBlyatBlyot,1
@gigglyminer72,1
@yvonnepingleton5063,1
@HildaWilliams-r3y,1
@TexasBayouDogs,1
@ahmedkadarabdi5692,1
@susanhoffman8,1
@happboi1751,1
@bcous4321,1
@carlossanmiguel7601,1
@hellcat4231,1
@LeviathanSparrow,1
@michaelhawkes6492,1
@liberalismisaids9564,1
@edgibbs3229,2
@angelalawson701,1
@IssacAintPlayin,1
@teddyramsden8056,1
@indigrogers8421,1
@kangarooninja2594,1
@frankhickey8089,1
@mjfamgo6563,2
@Dogsrulepeoplenot,1
@angrytrader3783,1
,1
@theREALTRUTHagn,1
@kenibnanak5554,1
@gregoryforgach4845,1
@mykeread,1
@TheBriarWolf,1
@shitfarmer8686,1
@RobinDale50,1
@knightofwind2929,1
@BradleyPhillips_805,1
@delindasharrison1467,1
@maniaouri2146,1
@anthonyuccello8450,1
@Blarnix,2
@KingTreThr33Ate,1
@TheZeroDestroyer,1
@donnamaitlandw7460,1
@lesliestevens5418,2
@watdahel,1
@90degreescience,1
@yixianliu757,1
@JohnDoe-sy6tt,1
@zussman1,1
@davidlegge290,1
@555yyy55,1
@larrygeorgebJrooks,1
@arayasunshine9172,1
@gneshvdev,1
@russellpalser635,1
@Lucinda_Jackson,1
@RJsWorld247,1
@andrewcarros3342,1
@InstantGiblets,1
@mjfamgo6563,1
@michaelkwee7704,1
@kylejoshuacox52,1
@johnbergstrom2931,1
@annagokieli1497,1
@92genda,1
@MeatyMcBaconBeacon,1
@garydickerhoof6748,1
@skoch1954,1
@mavericklane6206,1
@JasonTaylor-po5xc,1
@keith1854,1
@49ersfoldem,1
@tobybartlett8449,1
@gunnerpatry1323,1
@ChadM-z1g,1
@liliansalazar4203,1
@MrBoazhorribilis,1
@beckery2,1
@JeremyAlexanderRodriguez_123,1
@GolfBravo-g1b,1
@BlackRoostar-cf2yv,1
@crawwwfishh3284,1
@basketball3825,1
@nowhere529,1
@danieldauphinais2817,1
@shankarbalakrishnan2360,1
@a13x916,1
@Lightmaker5,1
@AndrewRobinson_794,1
@ChronicAdvocate,1
@roc1156,1
@richardmatthews7940,1
@aleahmcgrath8924,1
@TerriAnnNiemeier-dy3no,1
@theobell7257,1
@chrisDtopheralvarez,1
@goodstuff-dp8re4tm2x,1
@eugeniawray5013,1
@blissmatters4119,1
@paulbaEker,1
@commandosolo1266,1
@GaryGoat350-2.0,1
@RyanDanielFoster,1
@OlhodePitomba,1
@systemai,1
@malice8,1
@warpenzol4175,1
@BrigitteDesautels,1
@lquerido762,1
@chasthanhburns123,1
@eugeniawray5013,1
@letstalktotorri,1
@theobserver3753,1
@bravewave2084,1
@AlldayjeepXJ,1
@Jheff14All,1
@MrHaoh2,1
@PeterParker-gt3xl,1
@beautiful.imagination,1
@ligmasugma3650,1
@pedroperalta5719,1
@JuanMorales-uh8ce,1
@Mattkemp87,1
@xavierchavee,1
@davidpolk4644,1
@rainydaywoman5758,1
@VegasGuy1975,1
@natural20crit,1
@Turnpost2552,1
@kevinkizer5742,1
@Robert-rt3ln,1
@rambom4a159,1
@DehlilahDee,1
@jessecrockett4748,1
@annettebrown1297,1
@kristinem9171,1
@frankjessekelly48,1
@Kenneth_Jesse_Morales,1
@weikwanglee4383,1
@youngapollo7703,1
@WhiteUnicorn82,1
@Brevuheh,1
@chrisphillips7282,1
@Faerithm,1
@travisnunya7960,1
@krismetzger4158,1
@doug985,1
@markswanson3763,1
@matt24510,1
@kevinkizer5742,1
@cameronglynn4860,1
,1
@johanneshaukanes4531,1
@pepesanchez9408,1
@jtgsr4291,1
@progderrr5280,1
@thetemplelaboratory,1
@Andrew-vt2wq,1
@Brevuheh,1
@MelanieLitton,1
@DebbieAppelhans,2
@BestGnomeWarlord,1
@ScarlettVälTravels,1
@themrjim1953,2
@Whatever-x6l,1
@jpr1370,1
@TakiTamAdam,1
@vendettasapiens1542,1
@jlizzy8,1
@SiriusAlien,1
@KMc-zi9vg,1
@roymTurphy,1
@RobertJoseRivera,1
@DonJohnson-rd5yd,1
@DJ-il2mb,1
@jamesmcfarland3887,1
@jrSidney-f3n,1
@shahincoco4710,1
@Jojorocks23,1
@AnthonyLattanzio-re5yu,1
@tylernewkirk6379,1
@AlexanderAlbertRodriguez,1
@richardmanders8096,1
@BOLDBANGER,1
@nakashimakatsuyuki4077,1
@davidlegge290,1
@JustJay-i2m,1
@UncleBuck91,1
@nightshirt4716,1
@Splatterwiggle,1
@bletterrem2101,1
@barbararoberts157,1
@blaizel3748,1
@randyc9700,1
@harrygoodhorn2825,1
@BGStorageLLC,1
@kimsold22,1
@BillHicks-b9t,2
@gridus5380,1
@JosephKriz-h2n,1
@elifamily7327,1
@tm68669,1
@paco4808,1
@BB-xj3wk,1
@mountainmanlife,1
@mixi2090,1
@michaelgrande4623,1
@lonnienichols9246,1
@JTSunriseMusic,1
@koughna,1
@roseela1191,1
@aaronmaHrtinez,1
@ericwalters3725,1
@ryshellso526,1
@davidrauch7890,1
@eugeniawray5013,1
@kb7uzmgniech,2
@blackcorp0001,1
@SwiftieXinfinity,1
@philipricRhardson,1
@SteerCarmer,1
@JosePaulaStewart,1
@spunn_co,1
@Semipro51,1
@hoseingharibi3453,1
@Alex_the_ghoul,1
@andreabarry6505,1
@Udavidruiz,1
@Elpolloloco-li9cn,1
@dodgedriver9720,1
@JeremyBennett_557,1
@PaulCollins-z3PaulCollins,1
@shekina9473,1
@kevinkizer5742,1
@abd-e5w,1
@jimbegley7935,1
@JohnThicke-h4o,1
@loisannarter2263,1
@hernalkagilkleonk4600,1
@hoseingharibi3453,1
@EthanPatriciaGray,1
@GregoryWatson_137,1
@emmabrooker166,2
@DoyouKofu,1
@joelpetersen2480,1
@Alex-cw3rz,1
@joelpetersen2480,1
@Clearthesmoke-u3d,1
@Sparklebabyphotography,2
@maxdondada,1
@rachelrosen4666,1
@Hill_Walker,1
@erenjaegersinnerdemon4265,1
@wicketuma444,1
@MAKAKA2024-b7y,1
@bennet8448,1
@iorn9814,1
@grahamturner1290,1
@theyasinarafat,1
@voxpopulitotheleft,1
@CryptoShroom-l4u,1
@sc4ll1wag94,1
@BritishJaguar,1
@edittide9842,1
@brooks8792,1
@StratsRUs,1
@CrazyManhog,1
@aaronl19,1
@classmst89,1
@RandomPlayIist,1
@Serinebanders,1
@WestShoreMan,1
@hipstercarebear4418,1
@richardhorvath627,1
@Maruchiru,1
@ndnd2815,1
@jordisaura6748,1
@be5005,1
@nsbd90now,1
@dakedakinson64,1
@tejwantsinghbrar6201,1
@Mrf.7213,1
@CEavrasya,1
@jacknix6133,1
@georgepittas7680,1
@murraybeachtel8585,1
@chiluxr250,2
@scotttobekidding4611,1
@andrzejkopalnia,1
@PatrickPierceBateman,1
@gringoamigo8146,1
@sophiathelen6474,1
@principal_optimism,1
@emeraldfury2152,1
@gooddarthvader,1
@sadem1045,1
@MrLSB-w6g,1
@mikebarbee2217,1
@edmunddantes7097,1
@MrPurge11,1
@NuclearBomb-ow4zf,1
@zakeriaabdi693,1
@sdm1568,1
@Tommyknox777,1
@AlphaOmega88,1
@mswinswm,1
@charthers8903,1
@starikip,2
@yared8771,1
@sharonwalker73,1
@Bxbcxb,1
@delihoffmann9623,1
@Dierdre_Barlow,1
@levienochs1038,1
@JR-vp2xz,1
@patrycjamalinowska9466,1
@vx2177,1
@justaguy7337,1
@juliefritz6631,1
@Mega866,1
@you-pv8xw,1
@personperson.7744,1
@AliB19,1
@captaincairoPT,1
@5374seth,1
@mg-us7ug,1
@GrumpyOld_Gamer,1
,1
@blazybrain,1
@The_Quaalude,1
@bubaks2,1
@ericschorp,1
@growth-faith-live,1
@LIMC46,1
@robertsands5837,1
@friskyfried2875,1
@ElmoBHD,1
@williammerrow,1
@markguest77,1
@MajDuty,1
@mikepukenz,1
@LordieJr,1
@blueowlwill8754,1
@anuaradame3967,1
@christopherjones534,1
@jaemez3247,1
@FRISHR,1
@ash3584,1
@marcoose777,1
@mihaieross6074,1
@miltosm59,1
@NightfireHC,1
@JohnMarcus-c1o,1
@realitycheck3361,1
@michaelhickman3580,1
@michaelkwee7704,1
@gridfighter,1
@spaghettiman600,1
@mickeyinm,1
@A.I.ObservatorY,1
@younerddddd9899,1
@Metal-Sonic,1
@mr.agreeable4577,1
@cartel937,1
@fuseplan1039,1
@cesaralmeida9251,1
@MatrixEvolution17,1
@snickerdoodle1,1
@yougood7750,1
@Игорь-к9п9и,1
@gazmentharuni5437,1
@Politics7391,1
@elgwynnyapit2683,1
@beverleypeacock,1
@toddgriffith5242,1
@tuhaka5212,1
@Eric-f4b,1
@faisalmalmstrom,1
@ACollectorNotAHoarder,1
@SM_zzz,1
@FOAB-Carlos,1
@Need1738,1
@RJon-q2y,2
@burgerman101,1
@gatekeeper7937,1
@Stollentroll81,1
@alexanderleal666,1
@ArenAurelius,1
@Ja.R.,1
@SuperFiberoptic,1
@sailortiki6155,1
@sukhoi33,1
@billbrennan2347,1
@mizzflex2,1
@Rick-gb5jj,1
@laravioliiii2832,1
@reekiereekie7264,1
@mikerodent3164,1
@vincentrivera4350,1
@thethirdman225,1
@BIBIWCICC,1
@Ble___Vrt,1
@gordondocherty,1
@adanalyst6925,1
@Lucky-i2s8r,1
@jaymeez,1
@paulcameron299,1
@JanicePerry-is9lp,1
@samdavidh,1
@johnacrts2171,2
@Killerdude45,1
@seanobrien384,1
@BellaBelleAir,1
@o0CallOfTheWild0o,1
@csvegso,1
@RUS38,1
@lisadonis697,1
@Pertinaxman,1
@charlesfrost3838,1
@브리더들모여-j8r,1
@randykubbernus3594,1
@NilIrmak-i8z,1
@duncanbedford4765,1
@skdusjn1974,1
@AKINICEmusic,1
@EmmanuelNimakoSarpong,1
@opinando68,1
@imbaroud5273,2
@JoshPierson-f7l,1
@YoussefTouzani-q1o,1
@IronMonkeyPimp,1
@realnoahsimpson,1
@edwincahoose9065,1
@Wkiiviif,2
@LomaWild-k8d,2
@MichaelStark-j8e,1
@user-boostyx,1
@hcos8139,1
@herjitpannu2282,1
@jamblins,1
@j.d.malonemalone2397,1
@soulsurvivor32,1
@catoom10,1
@Katspecialeffectsmakeup,1
@cryp35,1
@brentcrosby7109,1
@PedroSilva-vm7zu,1
@iuliukovacsdd,1
@Doc1956able,1
@daz3434b,1
@bogjesrbin484,1
@ome69,1
@TheSmiles,2
@MrCanadatom,1
@masepa8519,1
@dogpoofairy2517,1
@gecko-romanwrestler6323,1
@Vijaymhawar,1
@M2550.A,1
@Gool349,1
@TheClavichord,1
@vfradam,1
@AnaS-of8ri,1
@teaitvancelikamaboll5293,1
@patricklamberti1518,1
@HappyChickadeee,1
@LomaWild-k8d,2
@artbyphobia,1
@TONYAHAWKES,1
@Cornball87,1
@contrapasso1539,1
@fintonmainz7845,1
@precioustendo5167,1
@DinoKrlic,1
@xivwwp,1
@joemo,1
@kkaka26,1
@Ferigore,1
@Lowprofilezlyfestylez94,1
@brennanrinehart1955,1
@chykcha,1
@محمدسردارابادی-ج7ز,2
@basharrahim4170,1
@goonking420,2
@gracynonline,1
@ezOqekuRitusohI,1
@GavinMcDougall-r3f,1
@liamhunter2000,1
@frank1934,1
@sourashisadhikary251,1
@Lazer-Star,1
@marcchadwick4271Mrbluesky,1
@Free.Britney,1
@offbeat65,1
@asken5139,1
@Your_a_bit_nosey,1
@evaspook1252,2
@tippietoe8426,1
@KAS_random,1
@WlLKO,1
@nero9729,1
@FirearmsGunGear,1
@Anything.is.Possible,1
@RandomPeasant123,1
@pixie_sparkle74,1
@cwilsonsr7263,1
@starsroof_1633,1
@gloe9362,1
@user-j9t7f8-cf9p,1
@imnotsure_yt4702,1
@gusv6136,1
@anniegoulaheee8025,1
@ryneagheilim9782,1
@emilyds1276,1
@thesunman,1
@user-xm8gp3dy2j,1
@lewisj3336,1
@yuminglover,1
@fk3239,1
@jamesmehaffey7611,1
@GhostMarine777,1
@Sompun-e7i,1
@harrisonmorris1394,1
@JoelPersson-zi8jr,1
@morgs456,1
@robertmarley2799,1
@planetcoco1,1
@ElvinaIvy-m4f,1
@SirHargreeves,1
@Matthew.P.,1
@Augustus-t5r,1
@Cecile33369,1
@jkoerner7940,1
@AaronMunroe-rw8re,1
@kimmarsh5387,1
@DarkMagician225,1
@UnwellEuropean,1
@HistoriaAoT,2
@contrapasso1539,1
@thomaspynchon3100,1
@mr.papagiorgio1199,1
@schoeibsabri2283,1
@Wezzly_official,1
@sws5899,1
@Commentcrusader,1
@Eldritchish,1
@petruspaulitius,2
@waitz001,1
@Flyze17,1
@rsvk2144,1
@KieraNelson-t2p,1
@BilgiOzhan,1
@LONGLOTTfilms,2
@defnotteek,1
@praveenakashdoctor5482,1
@anthonypie9509,1
@WillaCopeland-n7k,1
@Beaglemaster123,1
@bodhranlowd,1
@zelloToiletsTalk,1
@JDOE20,1
@elontrudeau,1
@johnnylatham9738,1
@mioeroe1061,1
@Orca322,1
@tomshublinski9054,1
@GennieFine,1
@darthalba3785,1
@franzhohenzollern7047,1
@eliseocarrillojr,1
@ARONBurkhardt,1
@WeAreZeusInc,1
@liamstacey419,1
@SooJi-yq1xk,1
@atreidesson,1
@slidah1222,1
@holgerfriedrichsohn6894,1
@aegean_444,1
@elgwynnyapit2683,1
@tanganbabyrosak,1
@Bupa-b1t,1
@the_famous_reply_guy,1
@es4582,1
@joeyuno3846,1
@christophercrowley9873,1
@Dyskordium,1
@DHOPW42,1
@timmcdraw7568,1
@gianlucapicarelli1555,1
@Gunrun808,1
@minutesnippet,1
@CallMeZulu,1
@janishani1,1
@Bungle-UK,1
@TheTribal216,1
@colleenhamilton,1
@adriancota3558,1
@eliseoespaña1483,1
@kakaomy3544,1
@jezedwards3858,1
@AmisH-q4h,1
@wenterinfaer1656,1
@IntertropicalConvergence-gf3bm,1
@MariaBilge-i8i,1
@julijajelic2953,1
@middlesexomar7765,1
@liens8009,1
@damianoledda5497,1
@Yusufiklil-s4l,1
@baibureh6025,2
@izukimidori2764,1
@ethank1725,1
@johncarnettie6804,1
@glennsotona8819,1
@akashsxo,1
@zombieapocalipse2020,1
@BaymondRell,1
@SamPashmi,1
@greabo9544,1
@ThomasinePan,1
@yeetthebeatout6906,1
@nandorblue,1
@Justin-w3y,1
@josemama428,1
@Forsaken860,1
@kirokirov-lu8cs,1
@RisingPhoenix527,1
@AlperDilek-pr9vm,1
@ivaerz4977,1
@jimmurihiku8009,1
@SamuelObierojr,1
@FundaMutlu-d5j,1
@LeenSchellevis-m6i,1
@JTpnoy777,1
@nyq_skits,1
@Sesshosama92,1
@JimKirk1776,1
@benzuelke3519,1
@FeyzaRezan-j6f,1
@dougstirling6414,1
@LarryKippings,2
@MesutMutlu-k6k,1
@sahkmatow,1
@serialexperimentslainkinnie,2
@Sickness2344,1
@professormcclaine5738,1
@mercy8241,1
@ariannaitsme8809,1
@DONNELLGrice-u7p,1
@James_Barris,1
@PeterArgun,1
@Sickness2344,1
@jaywilliams1942,1
@leilaniaileenlove,1
@mattbarker269,1
@jtlearn1,1
@LomaWild-k8d,1
@KnightGaming206,1
@drewopal9283,1
@tacituskilgore2016,1
@markcoleman7246,1
@bvbyphvt,1
@SB-kd8le,1
@blablabla1196,1
@SeanDon14,1
@joebeermaster5495,1
@71518,1
@thatguythatmakestuff3994,1
@Vesko33,1
@dansu92833,1
@Lucky-i2s8r,1
@ivanastierankova2089,1
@Leon-l5p3t,1
@JoelTrujillo,1
@Dawlish44,1
@MountainBiky,1
@Justin-w3y,2
@FOSTERJin,1
@-R-.,1
@RodentHunter,1
@mrzomboed,1
@stephenbeevers2565,1
@jacobbell1469,1
@victorhuerta6786,1
@KevinGallant10,1
@LindaLutz-i2m,1
@oxerful5426,1
@ROGERWebster-b4r,1
@JudithSzymanski,1
@NazanAylin,1
@flyaroundtheroom,1
@SHELDONBruno-h9s,1
@noble6978,1
@HILTONWhitaker,1
@FundaGuliz,1
@88_DAVID_LANE,1
@MaximinaCaudle,1
@ARTUROMagallanes-h5c,1
@edrusiackas8209,1
@germmanator,1
@LailaDouglas-n8q,1
@SibelFevzi,1
@braeznllc,1
@UlrikeHelm-l6g,1
@CharitaYounger,1
@michaellayton7373,1
@KoenStrobbe-fv5us,1
@blvdes,1
@Lolifail01,1
@Krsto777,1
@jackson857,1
@LegDayLas,1
@BIONIC46,1
@juliusapriadi,1
@bethaniejify,1
@normalityrelief,1
@Murdog_Nbg,1
@nomorepikachu,1
@nolongerblocked6210,1
@jefftaylor8644,1
@RiotMonster,1
@ReverbAndBeer,1
@lcdc27,1
@Ameretatt,1
@myke113,1
@hivarasoul8875,1
@BatXDude,1
@princesslluviacaemercury4136,1
@GigiSpruill,1
@awntr024,1
@quirkthekenku,1
@merlenevs,1
@theesweatydrummer,1
@HashimThaDream,1
@sherrygriep2481,1
@FadingVitals,1
@ajt2329,1
@HalETosis,1
@ml1735,1
@wendymonette9958,2
@dannyrozhon6532,1
@Tobi806,1
@Max_Doubt,1
@rosimom,1
@TheShakasgirl,1
@montecristo1845,1
@dahor6655,1
@MarshEntertainment,1
@michellelarue6920,1
@rikiroos3100,1
,1
@Stylishgirlny,1
@SarahEthelinde,1
@iitstre_4550,1
@Dwazedas,1
@LeBron121,1
@amygrindhouse4193,1
@casanovafrankenstein4193,1
@TheMonochromeDream,1
@timczifrik,1
@fooguwu,1
@hairymelon65,1
@Mazda6race,1
@AWMJoeyjoejoe,1
@bk9852,1
@lightingbug,1
@ssamcobalt4956,1
@jamesk8s1,1
@mvflp2218,1
@kmandutwo,2
@trentonvail6388,1
@MrPasseh,1
@alexschott2092,2
@Ernoburger,1
@cheryledwards3715,1
@debgrant8776,1
@ThickCheese,1
@pitraszek,2
@jeringjering,2
@verward,1
@ValcryeTheSecond,1
@dunger1531,1
@RocketQueen_LT,1
@rjw4159,2
@RadioJosiah,1
@geertcrommentuijn,1
@HomelessWoodsman,2
@trishmurphy1941,2
@Krobra91,2
@DystopianUtopia8,1
@Katness07,1
@WenzelCoxswain,1
@yousifhela,1
@teressamirault4729,1
@22burnsie,1
@thomastoivonen9375,1
@DelightLovesMovies,1
@ArkansasVoteBlue,1
@BlackRoseFlorida,1
@ldawg7117,1
@cablebox,1
@AveryCD,1
@RachelRea-n1t,1
@anthonyalexander5027,1
@grahamormerod7313,1
@jackiemaben8786,1
@Lucky_Dagger,1
@suzyjohnson3122,1
@dblocker3145,1
@maisonneuve,2
@lizzykayOT7,1
@patrickw8888,1
@Sleepgarden,1
@NickiCaldwell-qj9gk,2
@LoisAGrimm,1
@user-wy6xd5ip8w,1
@rich6598,1
@reader4445,1
@DiustheZ,1
@skjmiami,1
@joborison9764,1
@bryonygrealish6663,2
@davidallen111,1
@danaxe407,2
@Imhexed,1
@AveryCD,1
@DrD6452,1
@PhilMachi,1
@valarieamos3935,1
@ultraginge1990,1
@shawheenblount2685,1
@krisdiperna3929,2
@AnaS-of8ri,1
@sunitamosesesq,1
@SmGTwist,1
@eCitizen1,1
@gecko1322,1
@Icelandlover,1
@opaladkins3908,1
@Elizabeth-tq7qw,1
@zeekaywalker9232,1
@auntiepha8343,1
@PCman50,1
@atamizful,1
@david.barrau-guiderdoni,1
@AaronOkeanos,1
@stefanoaguila2744,1
@hdnft4633,1
@HilaryPaul-b4l,1
@courierdude,2
@summumbonum-0,2
@pugetsoundpyrate,1
@johnvaladez8976,1
@Ariane-s8x,1
@Florian_N.Köln,1
@kaisaplews1407,1
@ilya8132,1
@AIvey-qs1so,1
@tysonfontanez,1
@bkucenski,1
@kevinonyia6203,1
@cozmovffv9284,2
@sabatino1977,2
@ProjectBadass360,1
@Rdz2012,1
@septentrionalm2667,1
@saxpackabs,2
@cgreenfield6655,1
@obiwanshinobi87,1
@teamtundra2619,1
@mikemurphy3527,1
@firerun777,2
,1
@BBBBBBBBBBBX,1
@lamoinette23,2
@1105pitbull,1
@buckeyered80,1
@ilovemelodyjane,1
@BLINGofBOSTON,1
@FlyGuyDrec,1
@serious7179,1
@Thomas83KO,1
@martyfest6120,1
@djr3386,2
@LesenundDenken,1
@jp9095,1
@azekielherrera4550,1
@johnwisdom651,1
@zapazap,1
@lesliestratton536,1
@williamturnier9032,1
@PEPLUVER1,1
@felicitousfeline9956,1
@debthomas6453,1
@coldhaven1233,1
@heidistinson5653,1
@steveemers8428,1
@svenvdb6115,2
@murraybeachtel8585,1
@HlifeRomania91,1
@haplopatryn5586,1
@akhilesh4610,1
@tylerhackner9731,1
@pibbinator2430,1
@carolynbrooks5340,1
@LvndrHppE2,1
@msullivan3531,1
@NanaMoe2023,2
@TroubleshooterProjector,1
@AxTrash,1
@amygirl9534,2
@Samurian-j9h,1
@BigLebowski2000,1
@testpm-il7qq,1
@jesmarluk6635,1
@crappiekirby8690,1
@davidkong8493,1
@HotDiggityDogg,1
@davidanou,2
@luisb2788,1
@tiaraturner,1
@NerdWytch,1
@jamesh5437,1
@joelperez9252,1
@amandateppo5548,1
@Carter933,1
@chaserandazzo3738,1
@thedarkknight2221,1
@MadDragon75,1
@deannealbrecht774,1
@vipnilofar,1
@fr.michaelknipe4839,1
@fraukedorschky4218,2
@toochangz,1
@yensid4294,1
@wynonasbigbrowndragon6121,1
@maura8172,1
@lautreamont808,1
@brucekatkin5310,1
@wintergirll,1
@elizabethesparza3070,1
@mayamckenna,1
@AngelaHollander,1
@scottherdliska372,1
@denisethomas7,1
@ozzieherr,1
@fini8874,1
@stevecowder4774,2
@RocketQueen_LT,1
@parker2066,2
@simonnrgaard7731,2
@thebrokenstringspete,1
@Oil2024,1
@deeabee96,1
@robbobstone,1
@Hayanomie,1
@Shay_TheUnpopularOpinion_,1
@atlaustell,1
@felicegreece,1
@anthonyraleigh8184,1
@Sharpe1502,1
@Socrates555,1
@nbarnes6225,1
@Iyamyuyam,1
@sharonwadel7163,2
@ajf5823,2
@LKNRaging,2
@ekonymph,1
@mikemaz6121,1
@nickwiederhold,1
@MauraCole-c5l,1
@seanbela2847,1
@laurenraine,1
@cleosmom7,1
@claudine1928,2
@johnswatching4156,2
@NEKRWSPHERE,1
@sandyt808,2
@phillydavison,1
@4elevendyno,1
@dakiblabla,1
@ArtingFromScratch,1
@SonjaMorrison-i7j,1
@jamesowens3486,2
@ChiefStarLight777,1
@jordandale85,1
@BradGryphonn,2
@mayaenglish5424,2
@MavIllaThanMost,1
@clubz1,1
@wiezyczkowata,1
@justinliberti5917,1
@gloriaescover3168,1
@dcptiv,1
@user-em6ie2be7x,1
@Afrochilla,1
@BluePittsley,1
@DemolitionNews1,1
@jaxonboys3366,2
@LGreenStaRL,1
@lukeevans729,1
@vickwicked4260,1
@TJSDU,1
@SocialistBoomer,1
@MrLince-hr4of,1
@yv2521,2
@gabriellasmith3699,1
@purplepebble3479,1
@cagerat,1
@colbymclemore7642,1
@lysajacues299,1
@artistseye1,1
@PatriCoop,1
@conniegal201,1
@driley4381,1
@RobBoyd2,1
@JCW-zs6yn,1
@michaelwho,1
@brook_angel,1
@shirinafzali9930,1
@samankucher5117,1
@jannettepadilla1750,1
@blackhat8518,1
@vahidmirkhani,1
@mariak993,2
@ChandlerSomborac,2
@KMc-cw3qt,1
@thundermonty,1
@laurieedeburn2449,1
@arachne1960,2
@karlsenula9495,1
@EdivRoquin,1
@lroberts689,1
@janmorgan9373,2
@lavest971,1
@davesmith2332,1
@DanicaRoberts1127,1
@julian9549,1
@seanzibonanzi64,2
@Kira1Lawliet,1
@charlottelewis3737,1
@SueClausen,1
@jannemann04107,1
@raphaelgort5499,1
@kellyrobinson1780,2
@jenbreck3577,1
@minatol2713,1
@richardroderick7677,1
@LordBLB,1
@MatadorMedia,1
@rockanroleropr3467,2
@Cyanidesin,1
@KleosHD,1
@MotivaNation-d2o,1
@annalisegrueter6417,1
@hazelnut410,1
@theyearwas1473,1
@Bound4Earth,1
@FenrirIII,1
@Sisteryoda1440,1
@brettbarker3073,1
@MaiAolei,1
@laurenbendik2006,2
@user-xt4wu2lp7u,1
@craigtomlinson2075,1
@five_elephants,1
@nyx6287,1
@treesjones,1
@GuayacohastalasGuevas,1
@jdsahr,1
@Goldmanvision,1
@jenniferruth8613,1
@Lizzy-bear,1
@francesinez126,2
@mysticchicken5352,2
@lookup.3047,1
@billieanders2138,2
@ma22_783,1
@dougjohnson4266,1
@KimberlyKeith,1
@sharHu1010,2
@meariijenkins7205,1
@blueberry-ri7eb,1
@CJScrol,1
@MiaMRand,1
@delilahdonnally54,1
@X3r0.,2
@NewMessage,1
@Rtx133x,1
@Dryvlyne,1
@glenncharwedding,1
@christopherjustice6411,2
@dehonore,1
@jim2376,1
@ellisavage72,1
@larsreckert5423,1
@ConnerWessel,1
@audikennedy8112,2
@BooksForever,1
@patienceumajie3983,1
@jerryrosales2382,1
@can7ge7righ7,1
@FMLothario,1
@CertifiedNuisance,2
@wsanon1,2
@AdSound83,1
@claudias4601,1
@redryan20000,1
@keligates8699,2
@janconsidine8176,1
@EdKoller,1
@anwiycti1585,1
@yoda5436,1
@RileyN6.21,1
@Michael-us5qx,2
@krispy_kornflake,1
@Weirdmster,1
@elphenomeno545,1
@DonaldLHayes,1
@angelasmith3750,1
@yeetusdeletus9,1
@oldmate86,1
@maeannengo4908,1
@MA_SK_ID,1
@avwise4565,1
@KathyMaland-u5k,1
@solitude7566,1
@DeanKee,1
@markwagoner3599,1
@SlickTim9905,1
@saishajackson5590,1
@DjMicr0dot,1
@AllanMunk-k7s,1
@Archaically,1
@Doreen-x6m,1
@shawnjones9829,1
@viralynn8120,1
@n8vscience842,1
@jonathanmunoz2908,1
@olabglobal,1
@rickmcguffey9881,1
@Odowasaniceguy,1
@sdstorm,1
@Phillipguy034,1
@marquiswoolford6859,1
@gwynnedatura5821,1
@investidorneozelandes4674,1
@petergarcia3373,1
@SemiDivineOne,1
@stefanbruce9789,1
@The_Anomaly,1
@absolute.freedom,1
@BlackPhi1ip,1
@michaelclark2971,1
@natalieciuta6777,1
@pugglesprindle2698,2
@cafu8012,1
@amivending6356,1
@andressanchez4982,2
@aleks8063,1
@nicolesoukalova,1
@timmackey8133,1
@jennasamuels5308,1
@michaelstark9939,1
@elty69,1
@michaelmagliocca9387,1
@mestasm17,1
@bethbartlett5692,1
@jasonlira2755,2
@DottedDee,1
@MariaRodriguez-dp9rw,1
@charliehayes244,2
@dustinpage5943,1
@Ajooze,1
@patriciaburke-dugener3912,1
@thedillybot,1
@djskagnetti,1
@ainsleymercer2822,1
@trentonvail6388,1
@cindyreilly7549,1
@wrizz0j,1
@Vitriolblog,1
@zack2262,1
@Lamexicana-3,1
@Mikehawkhurtsme,1
@Mainman7,1
@jcauto66,1
@lauraw.7008,1
@danielsantini4580,1
@sycops1,1
@Malt454,1
@NickHalt,1
@davidkong8493,1
@RileyN6.21,1
@laurelsheridan3817,1
@lorisweeney8056,1
@Gobramorriv,1
@TheJackoning,1
@Michael-us5qx,2
@JessicaSugarTankLarson,1
@phoebeanonymous244,1
@AngelOfClarity1089,1
@mcfunwow,1
@haplopatryn5586,1
@scottbubb2946,1
@SJSUPhilosopher-c1d,1
@m.j4037,1
@BobbyJenko,1
@lilybethmcgrath1280,1
@kris-mckeon1967,1
@wuchi51,1
@lucyrickard9182,1
@MrGasmask-vj7ou,1
@gregwood409,2
@Gobramorriv,1
@swirlinember1974,2
@jenniferrandolph4115,1
@Tspang42,1
@claudias4601,1
@onipajata78,1
@GlobeofBeauty,1
,1
@humblewords,1
@cynthiatobias299,1
@JamesKennedy-t9h,2
@p90pdack68,2
@irfankhan-lw3rn,1
@FoolsVerse,1
@kurtyjay,1
@jessicacarlson7854,2
@drstew1,2
@artfanatic89,1
@joshpillos,1
@TimYenkana,1
@KathyMaland-u5k,1
@angelasmith3750,1
@Rhino6722,1
@inakale,1
@oOdeadFrogOo,1
@ChristiaanNdoro,1
@gregovcov-px6ej,1
@Ookmongani,1
@timothyconklin5057,2
@BennyKleykens,1
@DiabloFirefly,1
@lavendula6759,1
@Jeff-k9z6o,1
@Nissenov,2
@veramae4098,1
@jasonlira2755,1
@christopherhaynes8101,1
@TomCoupe-sf3vv,1
@whatabouttheearth,1
@1963creole,1
@trhperkins1,1
@johng217,1
@riecke149,1
@mspadorchard1,1
@davehasenford3985,1
@TheFlight87,1
@stevejarred6484,1
@halvarmc671,1
@Subhash-d9o,1
@stavroshatzipantelis1589,1
@3ver4fter53,1
@cpmcguire,1
@colettemazlack9566,1
@stevehill8993,1
@amaninaa.r3342,2
@lindsaynerad5450,2
@cherishmiller1,1
@groovetodaddy,1
@almasaurus,1
@codeAlongwith,1
@ateacherwithnoclass5705,1
@oceanic0809,1
@ToryChristman-ky3cx,1
@amlouellet711,2
@petergarcia3373,1
@seebarry4068,1
@lilybethmcgrath1280,1
@Typhoon911,1
@alliekranyak594,1
@angelabailey5601,1
@jupiterlimithome,2
@DubbDaBigHOG,1
@beatatimar3446,1
@i.c.4049,1
@danashields5420,1
@scott70,2
@BernESan-dz5kp,1
@thefifthelement2737,1
@KarnBrady-w8p,1
@carolynorazietti5319,2
@sandrabensalah6916,1
@aleciaharmon8671,1
@MSFSFreeware,1
@joaovasco3059,2
@kayatjukie1960,2
@briandriscoll4895,1
@carlosrrs12,1
@zapazap,1
@Robert-o4v8l,1
@robinpeppin,1
@corinabowman8411,1
@KweenRegi77,1
@karagravis,1
@freethinker2559,1
@kennyrosenyc,1
@dahemayezi,1
@larysakobzey4173,1
@winterronin4778,1
@debmye6959,1
@Julia-zw1iy,1
@mrummgoat53,1
@ThePmloc,1
@Lbgood2121,1
@xanderfulton3186,1
@UNSTABLE111,1
@jonathanmunoz2908,1
@visiongrouplive4384,1
@anngoldberg6015,1
@joyjoycehairproduct1,1
@AlisonGordon-x6k,1
@Michael-us5qx,1
@angozi,1
@Kitty-chan83,2
@montefetters,1
@angelikanyzio5012,2
@robe461,1
@laslalal8451,1
@seanmerisier1811,1
@mauriciospano228,1
@jonnyboy1001,1
@_Crush__,1
@nosirrahm,1
@futsuu,1
@iffy4170,2
@ANTHONYGONSALVES-x2m,1
@mspitstoptoyou,1
@dunkeydonuts988,1
@paulhedges9712,1
@DanielCuthbert-o6s,1
@danielpeck6269,1
@thedisneydiamond2437,1
@danielashiru5363,1
@nickbag6po,1
@Janice-sb7qw,2
@eringarvia4930,1
@Spiritrising200,2
@patriciaburke-dugener3912,2
@YusukeTatuado,1
@JackyReynolds,1
@serju1218,1
@laurelmackay5671,1
@chrissy2844,1
@Blueishkudzu,1
@ChristopherCampanile,1
@THELIFEOFVIEWS1,2
@SA-cn4jc,1
@jimeo1946,1
@eb110americana,1
@Femaiden,1
@Mr.SatanGod,1
@Courage_Faith,1
@teresaamanfu7408,1
@thecoronagirl1966,1
@deborahcusick9808,2
@deimos169,1
@martinpfeilsticker5420,1
@politicalsideshow,1
@joshuagharis9017,1
@Angie-q8r,1
@lindaschmidt8738,1
@DesDZ666,1
@AnnaMishel,1
@ahillmann,1
@jermelpurse3018,1
@MohamedAbshir-y2f,1
@1970Alfie,1
@kenyattamm,1
@kathyk479,1
@cheryledwards3715,1
@eljin00,1
@PODBENN,1
@Suffy_69,2
@gloriaohara3213,1
@MisterUnicornFL,1
@pinwheelart2825,1
@residentenigma7141,1
@vanleeuwenhoek,1
@Vercingetorix.Rising,1
@sheilajones2032,1
@mildadr3a,1
@roddyboethius1722,1
@JJokerMoreau,1
@manvites,1
@elisabethronnqvist5527,1
@outbacktrek,1
@Enderchats2020,1
@bettyjoatkins2708,1
@siulchalo-mb1yk,1
@StacySullivan-m6m,1
@ALPHADOG1900,1
@tinglemccringleberry8899,1
@petercordwell2258,1
@julieproctor6039,1
@AJMic-sp2rx,2
@jsderan4283,1
@YusukeTatuado,1
@rhasaunwilliams3795,1
@sharHu1010,1
@quayquayKris,1
@seancooper4258,1
@emilyflotilla931,1
@wendyflinchbaugh9944,1
@TheSkunow,1
@NaeNaeTheeNinjette,1
@troyswierczek4517,1
@wiellou,1
@annsuthard9818,1
@virginiakersey2262,1
@MaryKatherineKrachtASTROLOGER,2
@zenecko,1
@chosen2104,1
@amykilduff3417,1
@ingridakerblom7577,1
@Qleisure1,2
@MzJam13,2
@ruthcook7103,1
@kathleenvangorder5941,1
@TheTruthHz,1
@Pahakyy,2
@cleverusername9369,1
@adrianjohnson5178,1
@xenowriter82,1
@karizma8175,1
@staceymclaughlin9291,1
@libmrsisters,1
@dcterr1,2
@kingminos0073,1
@emerging.voices,1
@peterstafford4426,1
@EchoSpruce,2
@Yvonne-n2h,1
@user-microburst,2
@karizma8175,1
@NocilaSchaffer,2
@gerardodwyer5908,1
@GrampsLameChannel,1
@leeksoup1452,1
@nebiyubirding,1
@michaelrockett2735,1
@Mario-bc5gz,1
@cue3241,2
@waltermennekens1503,1
@alwaysgreatusa223,1
@GrandmaCathy,1
@kksmommy,2
@muhammadabudurrah441,1
@hangingwithgwammy6228,1
@woodrowboudreaux9951,2
@micaelakerley2351,1
@AnnMonica-vy4rc,2
@elisabethwelch8871,1
@mamakat114,1
@KelvinMullins-q2l,2
@ConnorMcSweeney-n1x,1
@michaelmichaelson6766,1
@elinorjanvrin3060,1
@jules8259,1
@missace71,1
@judyhogan3545,1
@lindaschmidt8738,1
@Sonorandeeess,2
@torontorox,1
@Between2opinions,1
@TheRgram,2
@AnnaMishel,1
@Charlie-hk9xv,1
@chericarpenter-lundstrom6897,2
@firstnamelastname3468,1
@Lavonne9870,1
@RipiaKim,1
@Skylivedk,1
@elite_fitness,1
@timothyhewitt4560,1
@exiledhobbit1441,1
@charlottecharlotte4213,1
@josephsavio6644,1
@SamSólyom,1
@Jorge32332,2
@ekendra21,2
@quinnlestrade6587,1
@brandonelston1969,1
@SorenArouet,1
@coloneljewce,1
@mikeg9b,1
@ChrisJohnson777,1
@genevievepoire1532,1
@typedash1905,1
@chadtorrence7423,1
@AzamaraSehki,1
@marianncadmus9572,1
@laurelmackay5671,1
@Centerfiremedia,1
@joecast4194,1
@mikeshafer5366,1
@andreasflisar3900,1
@zhaokwong5544,1
@j.t.6512,1
@marknichols8650,1
@wernervanrooyen7866,2
@bobbysequeira8712,1
@barbieandersen-oquinn9584,1
@JoyLynskey,1
@jessicaandreasen4362,1
@the_undecidead,1
@DanCirillo-q5t,1
@Sonorandeeess,1
@GaganRana-uk6jm,1
@mariamarian3218,1
@zukyozelf7144,2
@svetlingueorguiev1198,1
@warpedalice,1
@MariettaGallaher,2
@janesheridan7967,1
@mikequade8023,1
@Snoopymk37,1
@MunyaradziRangaIncrease,1
@idalmisgarcia9859,1
@tigressnsnow,1
@stratostsompanellis4211,1
@themastroiannis,1
@nodwaa9227,2
@mahlonrhoades4509,2
@jean-luceyesofyoureyes5502,1
@lindaolsen7828,1
@geosdev,1
@gregorysedmunds2843,1
@PatriziaFederici,1
@wolflg,1
@redactedmane,1
@petergardyna9592,1
@mikek7050,1
@juliegillings6023,1
@ChoompaLoompa1985-uw8lw,1
@thewhitewolf58,1
@martybenson2035,1
@patrickmcmahon5795,1
@James-sx5vn,1
@EdKoller,1
@jasonSC01,1
@MaryKatherineKrachtASTROLOGER,1
@patriciaburke-dugener3912,1
@deleted-something,1
@davidd.c.9344,2
@colettemazlack9566,1
@FedDonovan,1
@virginiawilliamson5448,1
@AndreyEvermore,1
@josegonzaloditchingssvp,1
@bobtheweaver4503,1
@ErinBravick,1
@radman999,1
@jbonvideo,1
@BN0502-x6d,1
@Cernumospete,1
@alanvale101,1
@letsdrive899,1
@ttbrito575,1
@ratwayd,1
@garnetvanmeter2182,1
@LudvikM,1
@salunke66,1
@christianvillalobos9704,1
@juancruzcarballo7091,1
@boootybounce420,1
@SecondOpinionUSA,1
@dirkbester9050,1
@galacticmechanic1,1
@TRIPONTHIS,1
@cecilieh.darling5231,1
@pictishking7769,1
@AlexandrosoMegas,1
@pam7500,1
@TRUESONSOFGOD7,1
@HT-zx8dn,1
@WilliesGarden,1
@gio-gk6nz,2
@ivynightphoenix5407,2
@koziebartow,1
@wolflg,1
@danielgur2846,1
@MACV144,1
@mardnm123,1
@earthstuart,1
@PartySprinkleDonut,1
@Aqui1us,1
@Spoonie-dp4ki,1
@JustPlainRob,1
@zamamakhanya3242,1
@jefftc14,1
@laurafriedsam4177,1
@soularwave,1
@Schniedelseppe,1
@ANTHONYGONSALVES-x2m,1
@claudetteg9386,1
@BaseballPlayer0,1
@ann-nerissaparkes6154,1
@kaygeez1542,1
@new002one,1
@OmeHi5,1
@c.federicob2655,1
@afriquelesud,1
@simeonreynaud7352,1
@guysmith8095,1
@mootedtols4865,1
@ynnadseam,1
@jrml_3602,1
@angelasmith3750,1
@melissasmith8547,1
@WayOfStrength,1
@BennyBigIron,1
@za8002fsr,1
@nsdrjnsdrj9,1
@RoyBrown777,1
@cheech8370,1
@guysmith8095,1
@LordFartamor,1
@tmorningstar2978,1
@americafirst834,1
@milemilic4859,1
@hannemiriam,1
@alphabuckshot9,1
@JacobStarr-p2k,1
@ronr5729,1
@thedillybot,1
@Raznorthecompletelyrealhuman,1
@christianbecker7212,1
@appliedmaps,2
@GotNoPlanB,1
@GHL2T,1
@shankerram6076,1
@padam727,1
@Nhantastic,2
@vendettasapiens1542,1
@stephanielarson2021,1
@blackpearlproco,1
@richardmackey6567,1
@stephenwhitton4902,1
@MarceloDorea-d4r,1
@kevinbrown8196,1
@HarryBallZack1206,1
@larysakobzey4173,1
@28hipster,1
@biggic2004,1
@amivending6356,1
@jamesshort3070,1
@BlackSifichi,1
@Sandokhan41,1
@Benjadaka,1
@RobSchumakerGAYelpaso,1
@joeinfax4190,1
@leahsander5490,1
@SupportOne-k7g,1
@AnkitKumarMishra-rx7gd,1
@ladyhock1954,1
@johnpu605,1
@radubenjudah4761,1
@kewa86,1
@MiamiTabor,1
@cazizzle3133,1
@joeverson,1
@cwbklbbcbcab08,1
@BeSeparate2025,1
@LorraineFisher-p3d,1
@paulaansai6069,1
@doctagonzo420,1
@balkanikking160,1
@lfbashir2967,1
@wontononionslicer1004,1
@sharkzillafamous3203,1
@jasriard2965,1
@ladydy3492,1
@Justin-m9n8f,1
@lindawaide7818,1
@myrustybike,1
@jeffwessel496,1
@charlesbaler,2
@rottentom009,1
@kelvinbamfield280,1
@vb46,1
@kendrajustice4516,1
@MrChiquita1969,1
@jiam534,1
@HecGam,1
@sumguy-like-me,1
@yeehaa9412,1
@shellysuzanne,1
@Bravadas10,1
@Ernest.J,2
@michaelwildridge1528,1
@florikperkins4813,1
@carlospriscilagomezrusa3557,1
@joeseph6983,1
@bobabooey4537,1
@AntoinetteParham-o9v,2
@gabrielselbo5022,1
@anitagonzales8309,1
@michaelmenard8913,1
@StuartBeefWellington,1
@JohnLucas-oq7hl,1
@radicalpaddyo,1
@barbarahafner2372,1
@maxahmadi5606,2
@player1tv,1
@gturtle7825,1
@JillSnow-x8c,1
@jayreynolds4900,1
@chitray,1
@shishsquared,1
@MIDNIGHTMAYHEM1000,1
@SkyDarmos-uh9nx,1
@daveconnors62,1
@ang81.,2
@kathygreen1776,1
@AnthonyGonzalez-lw1ek,1
@ryanshufflebottommsm,1
@Taiwaneze,1
@KleosHD,1
@elgorrion52,1
@Peekaboo-Kitty,1
@Arrowgans,1
@edminica6637,1
@sml_human2550,1
@TheZirandarence,1
@DonN-ib9iu,1
@RedLeaderrr,1
@bebilingualpty,1
@simplemeals1540,1
@tytygreenrich9407,1
@DonaldLHayes,1
@alanhawkins5461,1
@kathygreen1776,1
@jamieschroyer430,1
@MR-cq6vj,1
@AdamVickeryy,1
